Copyright 1986-2022 Xilinx, Inc. All Rights Reserved.
------------------------------------------------------------------------------------------------------------------------------------------------------------------------------------------------------
| Tool Version : Vivado v.2022.2 (win64) Build 3671981 Fri Oct 14 05:00:03 MDT 2022
| Date         : Thu Dec  4 22:02:10 2025
| Host         : WIN-UFU5MFIKGKT running 64-bit major release  (build 9200)
| Command      : report_timing_summary -max_paths 10 -report_unconstrained -file top_timing_summary_routed.rpt -pb top_timing_summary_routed.pb -rpx top_timing_summary_routed.rpx -warn_on_violation
| Design       : top
| Device       : 7a35t-cpg236
| Speed File   : -1  PRODUCTION 1.23 2018-06-13
------------------------------------------------------------------------------------------------------------------------------------------------------------------------------------------------------

Timing Summary Report

------------------------------------------------------------------------------------------------
| Timer Settings
| --------------
------------------------------------------------------------------------------------------------

  Enable Multi Corner Analysis               :  Yes
  Enable Pessimism Removal                   :  Yes
  Pessimism Removal Resolution               :  Nearest Common Node
  Enable Input Delay Default Clock           :  No
  Enable Preset / Clear Arcs                 :  No
  Disable Flight Delays                      :  No
  Ignore I/O Paths                           :  No
  Timing Early Launch at Borrowing Latches   :  No
  Borrow Time for Max Delay Exceptions       :  Yes
  Merge Timing Exceptions                    :  Yes

  Corner  Analyze    Analyze    
  Name    Max Paths  Min Paths  
  ------  ---------  ---------  
  Slow    Yes        Yes        
  Fast    Yes        Yes        


------------------------------------------------------------------------------------------------
| Report Methodology
| ------------------
------------------------------------------------------------------------------------------------

Rule       Severity          Description                    Violations  
---------  ----------------  -----------------------------  ----------  
TIMING-17  Critical Warning  Non-clocked sequential cell    111         
TIMING-18  Warning           Missing input or output delay  2           

Note: This report is based on the most recent report_methodology run and may not be up-to-date. Run report_methodology on the current design for the latest report.



check_timing report

Table of Contents
-----------------
1. checking no_clock (111)
2. checking constant_clock (0)
3. checking pulse_width_clock (0)
4. checking unconstrained_internal_endpoints (206)
5. checking no_input_delay (1)
6. checking no_output_delay (16)
7. checking multiple_clock (0)
8. checking generated_clocks (0)
9. checking loops (0)
10. checking partial_input_delay (0)
11. checking partial_output_delay (0)
12. checking latch_loops (0)

1. checking no_clock (111)
--------------------------
 There are 53 register/latch pins with no clock driven by root clock pin: btn_clk_reg/Q (HIGH)

 There are 20 register/latch pins with no clock driven by root clock pin: c1/clk_uart_reg/Q (HIGH)

 There are 34 register/latch pins with no clock driven by root clock pin: c1/uart_tx_115200/tx_busy_reg/Q (HIGH)

 There are 4 register/latch pins with no clock driven by root clock pin: counter_clk_reg[18]/Q (HIGH)


2. checking constant_clock (0)
------------------------------
 There are 0 register/latch pins with constant_clock.


3. checking pulse_width_clock (0)
---------------------------------
 There are 0 register/latch pins which need pulse_width check


4. checking unconstrained_internal_endpoints (206)
--------------------------------------------------
 There are 206 pins that are not constrained for maximum delay. (HIGH)

 There are 0 pins that are not constrained for maximum delay due to constant clock.


5. checking no_input_delay (1)
------------------------------
 There is 1 input port with no input delay specified. (HIGH)

 There are 0 input ports with no input delay but user has a false path constraint.


6. checking no_output_delay (16)
--------------------------------
 There are 16 ports with no output delay specified. (HIGH)

 There are 0 ports with no output delay but user has a false path constraint

 There are 0 ports with no output delay but with a timing clock defined on it or propagating through it


7. checking multiple_clock (0)
------------------------------
 There are 0 register/latch pins with multiple clocks.


8. checking generated_clocks (0)
--------------------------------
 There are 0 generated clocks that are not connected to a clock source.


9. checking loops (0)
---------------------
 There are 0 combinational loops in the design.


10. checking partial_input_delay (0)
------------------------------------
 There are 0 input ports with partial input delay specified.


11. checking partial_output_delay (0)
-------------------------------------
 There are 0 ports with partial output delay specified.


12. checking latch_loops (0)
----------------------------
 There are 0 combinational latch loops in the design through latch input



------------------------------------------------------------------------------------------------
| Design Timing Summary
| ---------------------
------------------------------------------------------------------------------------------------

    WNS(ns)      TNS(ns)  TNS Failing Endpoints  TNS Total Endpoints      WHS(ns)      THS(ns)  THS Failing Endpoints  THS Total Endpoints     WPWS(ns)     TPWS(ns)  TPWS Failing Endpoints  TPWS Total Endpoints  
    -------      -------  ---------------------  -------------------      -------      -------  ---------------------  -------------------     --------     --------  ----------------------  --------------------  
      5.863        0.000                      0                  102        0.167        0.000                      0                  102        4.500        0.000                       0                    69  


All user specified timing constraints are met.


------------------------------------------------------------------------------------------------
| Clock Summary
| -------------
------------------------------------------------------------------------------------------------

Clock     Waveform(ns)       Period(ns)      Frequency(MHz)
-----     ------------       ----------      --------------
main_clk  {0.000 5.000}      10.000          100.000         


------------------------------------------------------------------------------------------------
| Intra Clock Table
| -----------------
------------------------------------------------------------------------------------------------

Clock             WNS(ns)      TNS(ns)  TNS Failing Endpoints  TNS Total Endpoints      WHS(ns)      THS(ns)  THS Failing Endpoints  THS Total Endpoints     WPWS(ns)     TPWS(ns)  TPWS Failing Endpoints  TPWS Total Endpoints  
-----             -------      -------  ---------------------  -------------------      -------      -------  ---------------------  -------------------     --------     --------  ----------------------  --------------------  
main_clk            5.863        0.000                      0                  102        0.167        0.000                      0                  102        4.500        0.000                       0                    69  


------------------------------------------------------------------------------------------------
| Inter Clock Table
| -----------------
------------------------------------------------------------------------------------------------

From Clock    To Clock          WNS(ns)      TNS(ns)  TNS Failing Endpoints  TNS Total Endpoints      WHS(ns)      THS(ns)  THS Failing Endpoints  THS Total Endpoints  
----------    --------          -------      -------  ---------------------  -------------------      -------      -------  ---------------------  -------------------  


------------------------------------------------------------------------------------------------
| Other Path Groups Table
| -----------------------
------------------------------------------------------------------------------------------------

Path Group    From Clock    To Clock          WNS(ns)      TNS(ns)  TNS Failing Endpoints  TNS Total Endpoints      WHS(ns)      THS(ns)  THS Failing Endpoints  THS Total Endpoints  
----------    ----------    --------          -------      -------  ---------------------  -------------------      -------      -------  ---------------------  -------------------  


------------------------------------------------------------------------------------------------
| User Ignored Path Table
| -----------------------
------------------------------------------------------------------------------------------------

Path Group    From Clock    To Clock    
----------    ----------    --------    


------------------------------------------------------------------------------------------------
| Unconstrained Path Table
| ------------------------
------------------------------------------------------------------------------------------------

Path Group    From Clock    To Clock    
----------    ----------    --------    
(none)                                    
(none)        main_clk                    
(none)                      main_clk      


------------------------------------------------------------------------------------------------
| Timing Details
| --------------
------------------------------------------------------------------------------------------------


---------------------------------------------------------------------------------------------------
From Clock:  main_clk
  To Clock:  main_clk

Setup :            0  Failing Endpoints,  Worst Slack        5.863ns,  Total Violation        0.000ns
Hold  :            0  Failing Endpoints,  Worst Slack        0.167ns,  Total Violation        0.000ns
PW    :            0  Failing Endpoints,  Worst Slack        4.500ns,  Total Violation        0.000ns
---------------------------------------------------------------------------------------------------


Max Delay Paths
--------------------------------------------------------------------------------------
Slack (MET) :             5.863ns  (required time - arrival time)
  Source:                 counter_btn_reg[1]/C
                            (rising edge-triggered cell FDRE clocked by main_clk  {rise@0.000ns fall@5.000ns period=10.000ns})
  Destination:            counter_btn_reg[16]/CE
                            (rising edge-triggered cell FDRE clocked by main_clk  {rise@0.000ns fall@5.000ns period=10.000ns})
  Path Group:             main_clk
  Path Type:              Setup (Max at Slow Process Corner)
  Requirement:            10.000ns  (main_clk rise@10.000ns - main_clk rise@0.000ns)
  Data Path Delay:        3.878ns  (logic 0.828ns (21.352%)  route 3.050ns (78.648%))
  Logic Levels:           3  (LUT4=1 LUT6=2)
  Clock Path Skew:        -0.019ns (DCD - SCD + CPR)
    Destination Clock Delay (DCD):    4.783ns = ( 14.783 - 10.000 ) 
    Source Clock Delay      (SCD):    5.076ns
    Clock Pessimism Removal (CPR):    0.274ns
  Clock Uncertainty:      0.035ns  ((TSJ^2 + TIJ^2)^1/2 + DJ) / 2 + PE
    Total System Jitter     (TSJ):    0.071ns
    Total Input Jitter      (TIJ):    0.000ns
    Discrete Jitter          (DJ):    0.000ns
    Phase Error              (PE):    0.000ns

    Location             Delay type                Incr(ns)  Path(ns)    Netlist Resource(s)
  -------------------------------------------------------------------    -------------------
                         (clock main_clk rise edge)
                                                      0.000     0.000 r  
    W5                                                0.000     0.000 r  clk (IN)
                         net (fo=0)                   0.000     0.000    clk
    W5                   IBUF (Prop_ibuf_I_O)         1.458     1.458 r  clk_IBUF_inst/O
                         net (fo=1, routed)           1.967     3.425    clk_IBUF
    BUFGCTRL_X0Y1        BUFG (Prop_bufg_I_O)         0.096     3.521 r  clk_IBUF_BUFG_inst/O
                         net (fo=68, routed)          1.555     5.076    clk_IBUF_BUFG
    SLICE_X13Y28         FDRE                                         r  counter_btn_reg[1]/C
  -------------------------------------------------------------------    -------------------
    SLICE_X13Y28         FDRE (Prop_fdre_C_Q)         0.456     5.532 f  counter_btn_reg[1]/Q
                         net (fo=3, routed)           0.850     6.382    counter_btn_reg[1]
    SLICE_X12Y29         LUT4 (Prop_lut4_I1_O)        0.124     6.506 r  btn_clk_i_9/O
                         net (fo=1, routed)           0.811     7.318    btn_clk_i_9_n_0
    SLICE_X12Y30         LUT6 (Prop_lut6_I0_O)        0.124     7.442 r  btn_clk_i_7/O
                         net (fo=1, routed)           0.594     8.036    btn_clk_i_7_n_0
    SLICE_X12Y32         LUT6 (Prop_lut6_I5_O)        0.124     8.160 r  btn_clk_i_3/O
                         net (fo=25, routed)          0.794     8.954    counter_btn0
    SLICE_X13Y32         FDRE                                         r  counter_btn_reg[16]/CE
  -------------------------------------------------------------------    -------------------

                         (clock main_clk rise edge)
                                                     10.000    10.000 r  
    W5                                                0.000    10.000 r  clk (IN)
                         net (fo=0)                   0.000    10.000    clk
    W5                   IBUF (Prop_ibuf_I_O)         1.388    11.388 r  clk_IBUF_inst/O
                         net (fo=1, routed)           1.862    13.250    clk_IBUF
    BUFGCTRL_X0Y1        BUFG (Prop_bufg_I_O)         0.091    13.341 r  clk_IBUF_BUFG_inst/O
                         net (fo=68, routed)          1.442    14.783    clk_IBUF_BUFG
    SLICE_X13Y32         FDRE                                         r  counter_btn_reg[16]/C
                         clock pessimism              0.274    15.057    
                         clock uncertainty           -0.035    15.022    
    SLICE_X13Y32         FDRE (Setup_fdre_C_CE)      -0.205    14.817    counter_btn_reg[16]
  -------------------------------------------------------------------
                         required time                         14.817    
                         arrival time                          -8.954    
  -------------------------------------------------------------------
                         slack                                  5.863    

Slack (MET) :             5.863ns  (required time - arrival time)
  Source:                 counter_btn_reg[1]/C
                            (rising edge-triggered cell FDRE clocked by main_clk  {rise@0.000ns fall@5.000ns period=10.000ns})
  Destination:            counter_btn_reg[17]/CE
                            (rising edge-triggered cell FDRE clocked by main_clk  {rise@0.000ns fall@5.000ns period=10.000ns})
  Path Group:             main_clk
  Path Type:              Setup (Max at Slow Process Corner)
  Requirement:            10.000ns  (main_clk rise@10.000ns - main_clk rise@0.000ns)
  Data Path Delay:        3.878ns  (logic 0.828ns (21.352%)  route 3.050ns (78.648%))
  Logic Levels:           3  (LUT4=1 LUT6=2)
  Clock Path Skew:        -0.019ns (DCD - SCD + CPR)
    Destination Clock Delay (DCD):    4.783ns = ( 14.783 - 10.000 ) 
    Source Clock Delay      (SCD):    5.076ns
    Clock Pessimism Removal (CPR):    0.274ns
  Clock Uncertainty:      0.035ns  ((TSJ^2 + TIJ^2)^1/2 + DJ) / 2 + PE
    Total System Jitter     (TSJ):    0.071ns
    Total Input Jitter      (TIJ):    0.000ns
    Discrete Jitter          (DJ):    0.000ns
    Phase Error              (PE):    0.000ns

    Location             Delay type                Incr(ns)  Path(ns)    Netlist Resource(s)
  -------------------------------------------------------------------    -------------------
                         (clock main_clk rise edge)
                                                      0.000     0.000 r  
    W5                                                0.000     0.000 r  clk (IN)
                         net (fo=0)                   0.000     0.000    clk
    W5                   IBUF (Prop_ibuf_I_O)         1.458     1.458 r  clk_IBUF_inst/O
                         net (fo=1, routed)           1.967     3.425    clk_IBUF
    BUFGCTRL_X0Y1        BUFG (Prop_bufg_I_O)         0.096     3.521 r  clk_IBUF_BUFG_inst/O
                         net (fo=68, routed)          1.555     5.076    clk_IBUF_BUFG
    SLICE_X13Y28         FDRE                                         r  counter_btn_reg[1]/C
  -------------------------------------------------------------------    -------------------
    SLICE_X13Y28         FDRE (Prop_fdre_C_Q)         0.456     5.532 f  counter_btn_reg[1]/Q
                         net (fo=3, routed)           0.850     6.382    counter_btn_reg[1]
    SLICE_X12Y29         LUT4 (Prop_lut4_I1_O)        0.124     6.506 r  btn_clk_i_9/O
                         net (fo=1, routed)           0.811     7.318    btn_clk_i_9_n_0
    SLICE_X12Y30         LUT6 (Prop_lut6_I0_O)        0.124     7.442 r  btn_clk_i_7/O
                         net (fo=1, routed)           0.594     8.036    btn_clk_i_7_n_0
    SLICE_X12Y32         LUT6 (Prop_lut6_I5_O)        0.124     8.160 r  btn_clk_i_3/O
                         net (fo=25, routed)          0.794     8.954    counter_btn0
    SLICE_X13Y32         FDRE                                         r  counter_btn_reg[17]/CE
  -------------------------------------------------------------------    -------------------

                         (clock main_clk rise edge)
                                                     10.000    10.000 r  
    W5                                                0.000    10.000 r  clk (IN)
                         net (fo=0)                   0.000    10.000    clk
    W5                   IBUF (Prop_ibuf_I_O)         1.388    11.388 r  clk_IBUF_inst/O
                         net (fo=1, routed)           1.862    13.250    clk_IBUF
    BUFGCTRL_X0Y1        BUFG (Prop_bufg_I_O)         0.091    13.341 r  clk_IBUF_BUFG_inst/O
                         net (fo=68, routed)          1.442    14.783    clk_IBUF_BUFG
    SLICE_X13Y32         FDRE                                         r  counter_btn_reg[17]/C
                         clock pessimism              0.274    15.057    
                         clock uncertainty           -0.035    15.022    
    SLICE_X13Y32         FDRE (Setup_fdre_C_CE)      -0.205    14.817    counter_btn_reg[17]
  -------------------------------------------------------------------
                         required time                         14.817    
                         arrival time                          -8.954    
  -------------------------------------------------------------------
                         slack                                  5.863    

Slack (MET) :             5.863ns  (required time - arrival time)
  Source:                 counter_btn_reg[1]/C
                            (rising edge-triggered cell FDRE clocked by main_clk  {rise@0.000ns fall@5.000ns period=10.000ns})
  Destination:            counter_btn_reg[18]/CE
                            (rising edge-triggered cell FDRE clocked by main_clk  {rise@0.000ns fall@5.000ns period=10.000ns})
  Path Group:             main_clk
  Path Type:              Setup (Max at Slow Process Corner)
  Requirement:            10.000ns  (main_clk rise@10.000ns - main_clk rise@0.000ns)
  Data Path Delay:        3.878ns  (logic 0.828ns (21.352%)  route 3.050ns (78.648%))
  Logic Levels:           3  (LUT4=1 LUT6=2)
  Clock Path Skew:        -0.019ns (DCD - SCD + CPR)
    Destination Clock Delay (DCD):    4.783ns = ( 14.783 - 10.000 ) 
    Source Clock Delay      (SCD):    5.076ns
    Clock Pessimism Removal (CPR):    0.274ns
  Clock Uncertainty:      0.035ns  ((TSJ^2 + TIJ^2)^1/2 + DJ) / 2 + PE
    Total System Jitter     (TSJ):    0.071ns
    Total Input Jitter      (TIJ):    0.000ns
    Discrete Jitter          (DJ):    0.000ns
    Phase Error              (PE):    0.000ns

    Location             Delay type                Incr(ns)  Path(ns)    Netlist Resource(s)
  -------------------------------------------------------------------    -------------------
                         (clock main_clk rise edge)
                                                      0.000     0.000 r  
    W5                                                0.000     0.000 r  clk (IN)
                         net (fo=0)                   0.000     0.000    clk
    W5                   IBUF (Prop_ibuf_I_O)         1.458     1.458 r  clk_IBUF_inst/O
                         net (fo=1, routed)           1.967     3.425    clk_IBUF
    BUFGCTRL_X0Y1        BUFG (Prop_bufg_I_O)         0.096     3.521 r  clk_IBUF_BUFG_inst/O
                         net (fo=68, routed)          1.555     5.076    clk_IBUF_BUFG
    SLICE_X13Y28         FDRE                                         r  counter_btn_reg[1]/C
  -------------------------------------------------------------------    -------------------
    SLICE_X13Y28         FDRE (Prop_fdre_C_Q)         0.456     5.532 f  counter_btn_reg[1]/Q
                         net (fo=3, routed)           0.850     6.382    counter_btn_reg[1]
    SLICE_X12Y29         LUT4 (Prop_lut4_I1_O)        0.124     6.506 r  btn_clk_i_9/O
                         net (fo=1, routed)           0.811     7.318    btn_clk_i_9_n_0
    SLICE_X12Y30         LUT6 (Prop_lut6_I0_O)        0.124     7.442 r  btn_clk_i_7/O
                         net (fo=1, routed)           0.594     8.036    btn_clk_i_7_n_0
    SLICE_X12Y32         LUT6 (Prop_lut6_I5_O)        0.124     8.160 r  btn_clk_i_3/O
                         net (fo=25, routed)          0.794     8.954    counter_btn0
    SLICE_X13Y32         FDRE                                         r  counter_btn_reg[18]/CE
  -------------------------------------------------------------------    -------------------

                         (clock main_clk rise edge)
                                                     10.000    10.000 r  
    W5                                                0.000    10.000 r  clk (IN)
                         net (fo=0)                   0.000    10.000    clk
    W5                   IBUF (Prop_ibuf_I_O)         1.388    11.388 r  clk_IBUF_inst/O
                         net (fo=1, routed)           1.862    13.250    clk_IBUF
    BUFGCTRL_X0Y1        BUFG (Prop_bufg_I_O)         0.091    13.341 r  clk_IBUF_BUFG_inst/O
                         net (fo=68, routed)          1.442    14.783    clk_IBUF_BUFG
    SLICE_X13Y32         FDRE                                         r  counter_btn_reg[18]/C
                         clock pessimism              0.274    15.057    
                         clock uncertainty           -0.035    15.022    
    SLICE_X13Y32         FDRE (Setup_fdre_C_CE)      -0.205    14.817    counter_btn_reg[18]
  -------------------------------------------------------------------
                         required time                         14.817    
                         arrival time                          -8.954    
  -------------------------------------------------------------------
                         slack                                  5.863    

Slack (MET) :             5.863ns  (required time - arrival time)
  Source:                 counter_btn_reg[1]/C
                            (rising edge-triggered cell FDRE clocked by main_clk  {rise@0.000ns fall@5.000ns period=10.000ns})
  Destination:            counter_btn_reg[19]/CE
                            (rising edge-triggered cell FDRE clocked by main_clk  {rise@0.000ns fall@5.000ns period=10.000ns})
  Path Group:             main_clk
  Path Type:              Setup (Max at Slow Process Corner)
  Requirement:            10.000ns  (main_clk rise@10.000ns - main_clk rise@0.000ns)
  Data Path Delay:        3.878ns  (logic 0.828ns (21.352%)  route 3.050ns (78.648%))
  Logic Levels:           3  (LUT4=1 LUT6=2)
  Clock Path Skew:        -0.019ns (DCD - SCD + CPR)
    Destination Clock Delay (DCD):    4.783ns = ( 14.783 - 10.000 ) 
    Source Clock Delay      (SCD):    5.076ns
    Clock Pessimism Removal (CPR):    0.274ns
  Clock Uncertainty:      0.035ns  ((TSJ^2 + TIJ^2)^1/2 + DJ) / 2 + PE
    Total System Jitter     (TSJ):    0.071ns
    Total Input Jitter      (TIJ):    0.000ns
    Discrete Jitter          (DJ):    0.000ns
    Phase Error              (PE):    0.000ns

    Location             Delay type                Incr(ns)  Path(ns)    Netlist Resource(s)
  -------------------------------------------------------------------    -------------------
                         (clock main_clk rise edge)
                                                      0.000     0.000 r  
    W5                                                0.000     0.000 r  clk (IN)
                         net (fo=0)                   0.000     0.000    clk
    W5                   IBUF (Prop_ibuf_I_O)         1.458     1.458 r  clk_IBUF_inst/O
                         net (fo=1, routed)           1.967     3.425    clk_IBUF
    BUFGCTRL_X0Y1        BUFG (Prop_bufg_I_O)         0.096     3.521 r  clk_IBUF_BUFG_inst/O
                         net (fo=68, routed)          1.555     5.076    clk_IBUF_BUFG
    SLICE_X13Y28         FDRE                                         r  counter_btn_reg[1]/C
  -------------------------------------------------------------------    -------------------
    SLICE_X13Y28         FDRE (Prop_fdre_C_Q)         0.456     5.532 f  counter_btn_reg[1]/Q
                         net (fo=3, routed)           0.850     6.382    counter_btn_reg[1]
    SLICE_X12Y29         LUT4 (Prop_lut4_I1_O)        0.124     6.506 r  btn_clk_i_9/O
                         net (fo=1, routed)           0.811     7.318    btn_clk_i_9_n_0
    SLICE_X12Y30         LUT6 (Prop_lut6_I0_O)        0.124     7.442 r  btn_clk_i_7/O
                         net (fo=1, routed)           0.594     8.036    btn_clk_i_7_n_0
    SLICE_X12Y32         LUT6 (Prop_lut6_I5_O)        0.124     8.160 r  btn_clk_i_3/O
                         net (fo=25, routed)          0.794     8.954    counter_btn0
    SLICE_X13Y32         FDRE                                         r  counter_btn_reg[19]/CE
  -------------------------------------------------------------------    -------------------

                         (clock main_clk rise edge)
                                                     10.000    10.000 r  
    W5                                                0.000    10.000 r  clk (IN)
                         net (fo=0)                   0.000    10.000    clk
    W5                   IBUF (Prop_ibuf_I_O)         1.388    11.388 r  clk_IBUF_inst/O
                         net (fo=1, routed)           1.862    13.250    clk_IBUF
    BUFGCTRL_X0Y1        BUFG (Prop_bufg_I_O)         0.091    13.341 r  clk_IBUF_BUFG_inst/O
                         net (fo=68, routed)          1.442    14.783    clk_IBUF_BUFG
    SLICE_X13Y32         FDRE                                         r  counter_btn_reg[19]/C
                         clock pessimism              0.274    15.057    
                         clock uncertainty           -0.035    15.022    
    SLICE_X13Y32         FDRE (Setup_fdre_C_CE)      -0.205    14.817    counter_btn_reg[19]
  -------------------------------------------------------------------
                         required time                         14.817    
                         arrival time                          -8.954    
  -------------------------------------------------------------------
                         slack                                  5.863    

Slack (MET) :             5.867ns  (required time - arrival time)
  Source:                 counter_btn_reg[4]/C
                            (rising edge-triggered cell FDRE clocked by main_clk  {rise@0.000ns fall@5.000ns period=10.000ns})
  Destination:            counter_btn_reg[0]/CE
                            (rising edge-triggered cell FDRE clocked by main_clk  {rise@0.000ns fall@5.000ns period=10.000ns})
  Path Group:             main_clk
  Path Type:              Setup (Max at Slow Process Corner)
  Requirement:            10.000ns  (main_clk rise@10.000ns - main_clk rise@0.000ns)
  Data Path Delay:        3.869ns  (logic 0.828ns (21.402%)  route 3.041ns (78.598%))
  Logic Levels:           3  (LUT4=1 LUT6=2)
  Clock Path Skew:        -0.024ns (DCD - SCD + CPR)
    Destination Clock Delay (DCD):    4.779ns = ( 14.779 - 10.000 ) 
    Source Clock Delay      (SCD):    5.077ns
    Clock Pessimism Removal (CPR):    0.274ns
  Clock Uncertainty:      0.035ns  ((TSJ^2 + TIJ^2)^1/2 + DJ) / 2 + PE
    Total System Jitter     (TSJ):    0.071ns
    Total Input Jitter      (TIJ):    0.000ns
    Discrete Jitter          (DJ):    0.000ns
    Phase Error              (PE):    0.000ns

    Location             Delay type                Incr(ns)  Path(ns)    Netlist Resource(s)
  -------------------------------------------------------------------    -------------------
                         (clock main_clk rise edge)
                                                      0.000     0.000 r  
    W5                                                0.000     0.000 r  clk (IN)
                         net (fo=0)                   0.000     0.000    clk
    W5                   IBUF (Prop_ibuf_I_O)         1.458     1.458 r  clk_IBUF_inst/O
                         net (fo=1, routed)           1.967     3.425    clk_IBUF
    BUFGCTRL_X0Y1        BUFG (Prop_bufg_I_O)         0.096     3.521 r  clk_IBUF_BUFG_inst/O
                         net (fo=68, routed)          1.556     5.077    clk_IBUF_BUFG
    SLICE_X13Y29         FDRE                                         r  counter_btn_reg[4]/C
  -------------------------------------------------------------------    -------------------
    SLICE_X13Y29         FDRE (Prop_fdre_C_Q)         0.456     5.533 f  counter_btn_reg[4]/Q
                         net (fo=3, routed)           0.830     6.364    counter_btn_reg[4]
    SLICE_X12Y29         LUT4 (Prop_lut4_I0_O)        0.124     6.488 r  btn_clk_i_9/O
                         net (fo=1, routed)           0.811     7.299    btn_clk_i_9_n_0
    SLICE_X12Y30         LUT6 (Prop_lut6_I0_O)        0.124     7.423 r  btn_clk_i_7/O
                         net (fo=1, routed)           0.594     8.017    btn_clk_i_7_n_0
    SLICE_X12Y32         LUT6 (Prop_lut6_I5_O)        0.124     8.141 r  btn_clk_i_3/O
                         net (fo=25, routed)          0.805     8.946    counter_btn0
    SLICE_X13Y28         FDRE                                         r  counter_btn_reg[0]/CE
  -------------------------------------------------------------------    -------------------

                         (clock main_clk rise edge)
                                                     10.000    10.000 r  
    W5                                                0.000    10.000 r  clk (IN)
                         net (fo=0)                   0.000    10.000    clk
    W5                   IBUF (Prop_ibuf_I_O)         1.388    11.388 r  clk_IBUF_inst/O
                         net (fo=1, routed)           1.862    13.250    clk_IBUF
    BUFGCTRL_X0Y1        BUFG (Prop_bufg_I_O)         0.091    13.341 r  clk_IBUF_BUFG_inst/O
                         net (fo=68, routed)          1.438    14.779    clk_IBUF_BUFG
    SLICE_X13Y28         FDRE                                         r  counter_btn_reg[0]/C
                         clock pessimism              0.274    15.053    
                         clock uncertainty           -0.035    15.018    
    SLICE_X13Y28         FDRE (Setup_fdre_C_CE)      -0.205    14.813    counter_btn_reg[0]
  -------------------------------------------------------------------
                         required time                         14.813    
                         arrival time                          -8.946    
  -------------------------------------------------------------------
                         slack                                  5.867    

Slack (MET) :             5.867ns  (required time - arrival time)
  Source:                 counter_btn_reg[4]/C
                            (rising edge-triggered cell FDRE clocked by main_clk  {rise@0.000ns fall@5.000ns period=10.000ns})
  Destination:            counter_btn_reg[1]/CE
                            (rising edge-triggered cell FDRE clocked by main_clk  {rise@0.000ns fall@5.000ns period=10.000ns})
  Path Group:             main_clk
  Path Type:              Setup (Max at Slow Process Corner)
  Requirement:            10.000ns  (main_clk rise@10.000ns - main_clk rise@0.000ns)
  Data Path Delay:        3.869ns  (logic 0.828ns (21.402%)  route 3.041ns (78.598%))
  Logic Levels:           3  (LUT4=1 LUT6=2)
  Clock Path Skew:        -0.024ns (DCD - SCD + CPR)
    Destination Clock Delay (DCD):    4.779ns = ( 14.779 - 10.000 ) 
    Source Clock Delay      (SCD):    5.077ns
    Clock Pessimism Removal (CPR):    0.274ns
  Clock Uncertainty:      0.035ns  ((TSJ^2 + TIJ^2)^1/2 + DJ) / 2 + PE
    Total System Jitter     (TSJ):    0.071ns
    Total Input Jitter      (TIJ):    0.000ns
    Discrete Jitter          (DJ):    0.000ns
    Phase Error              (PE):    0.000ns

    Location             Delay type                Incr(ns)  Path(ns)    Netlist Resource(s)
  -------------------------------------------------------------------    -------------------
                         (clock main_clk rise edge)
                                                      0.000     0.000 r  
    W5                                                0.000     0.000 r  clk (IN)
                         net (fo=0)                   0.000     0.000    clk
    W5                   IBUF (Prop_ibuf_I_O)         1.458     1.458 r  clk_IBUF_inst/O
                         net (fo=1, routed)           1.967     3.425    clk_IBUF
    BUFGCTRL_X0Y1        BUFG (Prop_bufg_I_O)         0.096     3.521 r  clk_IBUF_BUFG_inst/O
                         net (fo=68, routed)          1.556     5.077    clk_IBUF_BUFG
    SLICE_X13Y29         FDRE                                         r  counter_btn_reg[4]/C
  -------------------------------------------------------------------    -------------------
    SLICE_X13Y29         FDRE (Prop_fdre_C_Q)         0.456     5.533 f  counter_btn_reg[4]/Q
                         net (fo=3, routed)           0.830     6.364    counter_btn_reg[4]
    SLICE_X12Y29         LUT4 (Prop_lut4_I0_O)        0.124     6.488 r  btn_clk_i_9/O
                         net (fo=1, routed)           0.811     7.299    btn_clk_i_9_n_0
    SLICE_X12Y30         LUT6 (Prop_lut6_I0_O)        0.124     7.423 r  btn_clk_i_7/O
                         net (fo=1, routed)           0.594     8.017    btn_clk_i_7_n_0
    SLICE_X12Y32         LUT6 (Prop_lut6_I5_O)        0.124     8.141 r  btn_clk_i_3/O
                         net (fo=25, routed)          0.805     8.946    counter_btn0
    SLICE_X13Y28         FDRE                                         r  counter_btn_reg[1]/CE
  -------------------------------------------------------------------    -------------------

                         (clock main_clk rise edge)
                                                     10.000    10.000 r  
    W5                                                0.000    10.000 r  clk (IN)
                         net (fo=0)                   0.000    10.000    clk
    W5                   IBUF (Prop_ibuf_I_O)         1.388    11.388 r  clk_IBUF_inst/O
                         net (fo=1, routed)           1.862    13.250    clk_IBUF
    BUFGCTRL_X0Y1        BUFG (Prop_bufg_I_O)         0.091    13.341 r  clk_IBUF_BUFG_inst/O
                         net (fo=68, routed)          1.438    14.779    clk_IBUF_BUFG
    SLICE_X13Y28         FDRE                                         r  counter_btn_reg[1]/C
                         clock pessimism              0.274    15.053    
                         clock uncertainty           -0.035    15.018    
    SLICE_X13Y28         FDRE (Setup_fdre_C_CE)      -0.205    14.813    counter_btn_reg[1]
  -------------------------------------------------------------------
                         required time                         14.813    
                         arrival time                          -8.946    
  -------------------------------------------------------------------
                         slack                                  5.867    

Slack (MET) :             5.867ns  (required time - arrival time)
  Source:                 counter_btn_reg[4]/C
                            (rising edge-triggered cell FDRE clocked by main_clk  {rise@0.000ns fall@5.000ns period=10.000ns})
  Destination:            counter_btn_reg[2]/CE
                            (rising edge-triggered cell FDRE clocked by main_clk  {rise@0.000ns fall@5.000ns period=10.000ns})
  Path Group:             main_clk
  Path Type:              Setup (Max at Slow Process Corner)
  Requirement:            10.000ns  (main_clk rise@10.000ns - main_clk rise@0.000ns)
  Data Path Delay:        3.869ns  (logic 0.828ns (21.402%)  route 3.041ns (78.598%))
  Logic Levels:           3  (LUT4=1 LUT6=2)
  Clock Path Skew:        -0.024ns (DCD - SCD + CPR)
    Destination Clock Delay (DCD):    4.779ns = ( 14.779 - 10.000 ) 
    Source Clock Delay      (SCD):    5.077ns
    Clock Pessimism Removal (CPR):    0.274ns
  Clock Uncertainty:      0.035ns  ((TSJ^2 + TIJ^2)^1/2 + DJ) / 2 + PE
    Total System Jitter     (TSJ):    0.071ns
    Total Input Jitter      (TIJ):    0.000ns
    Discrete Jitter          (DJ):    0.000ns
    Phase Error              (PE):    0.000ns

    Location             Delay type                Incr(ns)  Path(ns)    Netlist Resource(s)
  -------------------------------------------------------------------    -------------------
                         (clock main_clk rise edge)
                                                      0.000     0.000 r  
    W5                                                0.000     0.000 r  clk (IN)
                         net (fo=0)                   0.000     0.000    clk
    W5                   IBUF (Prop_ibuf_I_O)         1.458     1.458 r  clk_IBUF_inst/O
                         net (fo=1, routed)           1.967     3.425    clk_IBUF
    BUFGCTRL_X0Y1        BUFG (Prop_bufg_I_O)         0.096     3.521 r  clk_IBUF_BUFG_inst/O
                         net (fo=68, routed)          1.556     5.077    clk_IBUF_BUFG
    SLICE_X13Y29         FDRE                                         r  counter_btn_reg[4]/C
  -------------------------------------------------------------------    -------------------
    SLICE_X13Y29         FDRE (Prop_fdre_C_Q)         0.456     5.533 f  counter_btn_reg[4]/Q
                         net (fo=3, routed)           0.830     6.364    counter_btn_reg[4]
    SLICE_X12Y29         LUT4 (Prop_lut4_I0_O)        0.124     6.488 r  btn_clk_i_9/O
                         net (fo=1, routed)           0.811     7.299    btn_clk_i_9_n_0
    SLICE_X12Y30         LUT6 (Prop_lut6_I0_O)        0.124     7.423 r  btn_clk_i_7/O
                         net (fo=1, routed)           0.594     8.017    btn_clk_i_7_n_0
    SLICE_X12Y32         LUT6 (Prop_lut6_I5_O)        0.124     8.141 r  btn_clk_i_3/O
                         net (fo=25, routed)          0.805     8.946    counter_btn0
    SLICE_X13Y28         FDRE                                         r  counter_btn_reg[2]/CE
  -------------------------------------------------------------------    -------------------

                         (clock main_clk rise edge)
                                                     10.000    10.000 r  
    W5                                                0.000    10.000 r  clk (IN)
                         net (fo=0)                   0.000    10.000    clk
    W5                   IBUF (Prop_ibuf_I_O)         1.388    11.388 r  clk_IBUF_inst/O
                         net (fo=1, routed)           1.862    13.250    clk_IBUF
    BUFGCTRL_X0Y1        BUFG (Prop_bufg_I_O)         0.091    13.341 r  clk_IBUF_BUFG_inst/O
                         net (fo=68, routed)          1.438    14.779    clk_IBUF_BUFG
    SLICE_X13Y28         FDRE                                         r  counter_btn_reg[2]/C
                         clock pessimism              0.274    15.053    
                         clock uncertainty           -0.035    15.018    
    SLICE_X13Y28         FDRE (Setup_fdre_C_CE)      -0.205    14.813    counter_btn_reg[2]
  -------------------------------------------------------------------
                         required time                         14.813    
                         arrival time                          -8.946    
  -------------------------------------------------------------------
                         slack                                  5.867    

Slack (MET) :             5.867ns  (required time - arrival time)
  Source:                 counter_btn_reg[4]/C
                            (rising edge-triggered cell FDRE clocked by main_clk  {rise@0.000ns fall@5.000ns period=10.000ns})
  Destination:            counter_btn_reg[3]/CE
                            (rising edge-triggered cell FDRE clocked by main_clk  {rise@0.000ns fall@5.000ns period=10.000ns})
  Path Group:             main_clk
  Path Type:              Setup (Max at Slow Process Corner)
  Requirement:            10.000ns  (main_clk rise@10.000ns - main_clk rise@0.000ns)
  Data Path Delay:        3.869ns  (logic 0.828ns (21.402%)  route 3.041ns (78.598%))
  Logic Levels:           3  (LUT4=1 LUT6=2)
  Clock Path Skew:        -0.024ns (DCD - SCD + CPR)
    Destination Clock Delay (DCD):    4.779ns = ( 14.779 - 10.000 ) 
    Source Clock Delay      (SCD):    5.077ns
    Clock Pessimism Removal (CPR):    0.274ns
  Clock Uncertainty:      0.035ns  ((TSJ^2 + TIJ^2)^1/2 + DJ) / 2 + PE
    Total System Jitter     (TSJ):    0.071ns
    Total Input Jitter      (TIJ):    0.000ns
    Discrete Jitter          (DJ):    0.000ns
    Phase Error              (PE):    0.000ns

    Location             Delay type                Incr(ns)  Path(ns)    Netlist Resource(s)
  -------------------------------------------------------------------    -------------------
                         (clock main_clk rise edge)
                                                      0.000     0.000 r  
    W5                                                0.000     0.000 r  clk (IN)
                         net (fo=0)                   0.000     0.000    clk
    W5                   IBUF (Prop_ibuf_I_O)         1.458     1.458 r  clk_IBUF_inst/O
                         net (fo=1, routed)           1.967     3.425    clk_IBUF
    BUFGCTRL_X0Y1        BUFG (Prop_bufg_I_O)         0.096     3.521 r  clk_IBUF_BUFG_inst/O
                         net (fo=68, routed)          1.556     5.077    clk_IBUF_BUFG
    SLICE_X13Y29         FDRE                                         r  counter_btn_reg[4]/C
  -------------------------------------------------------------------    -------------------
    SLICE_X13Y29         FDRE (Prop_fdre_C_Q)         0.456     5.533 f  counter_btn_reg[4]/Q
                         net (fo=3, routed)           0.830     6.364    counter_btn_reg[4]
    SLICE_X12Y29         LUT4 (Prop_lut4_I0_O)        0.124     6.488 r  btn_clk_i_9/O
                         net (fo=1, routed)           0.811     7.299    btn_clk_i_9_n_0
    SLICE_X12Y30         LUT6 (Prop_lut6_I0_O)        0.124     7.423 r  btn_clk_i_7/O
                         net (fo=1, routed)           0.594     8.017    btn_clk_i_7_n_0
    SLICE_X12Y32         LUT6 (Prop_lut6_I5_O)        0.124     8.141 r  btn_clk_i_3/O
                         net (fo=25, routed)          0.805     8.946    counter_btn0
    SLICE_X13Y28         FDRE                                         r  counter_btn_reg[3]/CE
  -------------------------------------------------------------------    -------------------

                         (clock main_clk rise edge)
                                                     10.000    10.000 r  
    W5                                                0.000    10.000 r  clk (IN)
                         net (fo=0)                   0.000    10.000    clk
    W5                   IBUF (Prop_ibuf_I_O)         1.388    11.388 r  clk_IBUF_inst/O
                         net (fo=1, routed)           1.862    13.250    clk_IBUF
    BUFGCTRL_X0Y1        BUFG (Prop_bufg_I_O)         0.091    13.341 r  clk_IBUF_BUFG_inst/O
                         net (fo=68, routed)          1.438    14.779    clk_IBUF_BUFG
    SLICE_X13Y28         FDRE                                         r  counter_btn_reg[3]/C
                         clock pessimism              0.274    15.053    
                         clock uncertainty           -0.035    15.018    
    SLICE_X13Y28         FDRE (Setup_fdre_C_CE)      -0.205    14.813    counter_btn_reg[3]
  -------------------------------------------------------------------
                         required time                         14.813    
                         arrival time                          -8.946    
  -------------------------------------------------------------------
                         slack                                  5.867    

Slack (MET) :             5.989ns  (required time - arrival time)
  Source:                 counter_btn_reg[1]/C
                            (rising edge-triggered cell FDRE clocked by main_clk  {rise@0.000ns fall@5.000ns period=10.000ns})
  Destination:            counter_btn_reg[4]/CE
                            (rising edge-triggered cell FDRE clocked by main_clk  {rise@0.000ns fall@5.000ns period=10.000ns})
  Path Group:             main_clk
  Path Type:              Setup (Max at Slow Process Corner)
  Requirement:            10.000ns  (main_clk rise@10.000ns - main_clk rise@0.000ns)
  Data Path Delay:        3.749ns  (logic 0.828ns (22.087%)  route 2.921ns (77.913%))
  Logic Levels:           3  (LUT4=1 LUT6=2)
  Clock Path Skew:        -0.022ns (DCD - SCD + CPR)
    Destination Clock Delay (DCD):    4.780ns = ( 14.780 - 10.000 ) 
    Source Clock Delay      (SCD):    5.076ns
    Clock Pessimism Removal (CPR):    0.274ns
  Clock Uncertainty:      0.035ns  ((TSJ^2 + TIJ^2)^1/2 + DJ) / 2 + PE
    Total System Jitter     (TSJ):    0.071ns
    Total Input Jitter      (TIJ):    0.000ns
    Discrete Jitter          (DJ):    0.000ns
    Phase Error              (PE):    0.000ns

    Location             Delay type                Incr(ns)  Path(ns)    Netlist Resource(s)
  -------------------------------------------------------------------    -------------------
                         (clock main_clk rise edge)
                                                      0.000     0.000 r  
    W5                                                0.000     0.000 r  clk (IN)
                         net (fo=0)                   0.000     0.000    clk
    W5                   IBUF (Prop_ibuf_I_O)         1.458     1.458 r  clk_IBUF_inst/O
                         net (fo=1, routed)           1.967     3.425    clk_IBUF
    BUFGCTRL_X0Y1        BUFG (Prop_bufg_I_O)         0.096     3.521 r  clk_IBUF_BUFG_inst/O
                         net (fo=68, routed)          1.555     5.076    clk_IBUF_BUFG
    SLICE_X13Y28         FDRE                                         r  counter_btn_reg[1]/C
  -------------------------------------------------------------------    -------------------
    SLICE_X13Y28         FDRE (Prop_fdre_C_Q)         0.456     5.532 f  counter_btn_reg[1]/Q
                         net (fo=3, routed)           0.850     6.382    counter_btn_reg[1]
    SLICE_X12Y29         LUT4 (Prop_lut4_I1_O)        0.124     6.506 r  btn_clk_i_9/O
                         net (fo=1, routed)           0.811     7.318    btn_clk_i_9_n_0
    SLICE_X12Y30         LUT6 (Prop_lut6_I0_O)        0.124     7.442 r  btn_clk_i_7/O
                         net (fo=1, routed)           0.594     8.036    btn_clk_i_7_n_0
    SLICE_X12Y32         LUT6 (Prop_lut6_I5_O)        0.124     8.160 r  btn_clk_i_3/O
                         net (fo=25, routed)          0.665     8.825    counter_btn0
    SLICE_X13Y29         FDRE                                         r  counter_btn_reg[4]/CE
  -------------------------------------------------------------------    -------------------

                         (clock main_clk rise edge)
                                                     10.000    10.000 r  
    W5                                                0.000    10.000 r  clk (IN)
                         net (fo=0)                   0.000    10.000    clk
    W5                   IBUF (Prop_ibuf_I_O)         1.388    11.388 r  clk_IBUF_inst/O
                         net (fo=1, routed)           1.862    13.250    clk_IBUF
    BUFGCTRL_X0Y1        BUFG (Prop_bufg_I_O)         0.091    13.341 r  clk_IBUF_BUFG_inst/O
                         net (fo=68, routed)          1.439    14.780    clk_IBUF_BUFG
    SLICE_X13Y29         FDRE                                         r  counter_btn_reg[4]/C
                         clock pessimism              0.274    15.054    
                         clock uncertainty           -0.035    15.019    
    SLICE_X13Y29         FDRE (Setup_fdre_C_CE)      -0.205    14.814    counter_btn_reg[4]
  -------------------------------------------------------------------
                         required time                         14.814    
                         arrival time                          -8.825    
  -------------------------------------------------------------------
                         slack                                  5.989    

Slack (MET) :             5.989ns  (required time - arrival time)
  Source:                 counter_btn_reg[1]/C
                            (rising edge-triggered cell FDRE clocked by main_clk  {rise@0.000ns fall@5.000ns period=10.000ns})
  Destination:            counter_btn_reg[5]/CE
                            (rising edge-triggered cell FDRE clocked by main_clk  {rise@0.000ns fall@5.000ns period=10.000ns})
  Path Group:             main_clk
  Path Type:              Setup (Max at Slow Process Corner)
  Requirement:            10.000ns  (main_clk rise@10.000ns - main_clk rise@0.000ns)
  Data Path Delay:        3.749ns  (logic 0.828ns (22.087%)  route 2.921ns (77.913%))
  Logic Levels:           3  (LUT4=1 LUT6=2)
  Clock Path Skew:        -0.022ns (DCD - SCD + CPR)
    Destination Clock Delay (DCD):    4.780ns = ( 14.780 - 10.000 ) 
    Source Clock Delay      (SCD):    5.076ns
    Clock Pessimism Removal (CPR):    0.274ns
  Clock Uncertainty:      0.035ns  ((TSJ^2 + TIJ^2)^1/2 + DJ) / 2 + PE
    Total System Jitter     (TSJ):    0.071ns
    Total Input Jitter      (TIJ):    0.000ns
    Discrete Jitter          (DJ):    0.000ns
    Phase Error              (PE):    0.000ns

    Location             Delay type                Incr(ns)  Path(ns)    Netlist Resource(s)
  -------------------------------------------------------------------    -------------------
                         (clock main_clk rise edge)
                                                      0.000     0.000 r  
    W5                                                0.000     0.000 r  clk (IN)
                         net (fo=0)                   0.000     0.000    clk
    W5                   IBUF (Prop_ibuf_I_O)         1.458     1.458 r  clk_IBUF_inst/O
                         net (fo=1, routed)           1.967     3.425    clk_IBUF
    BUFGCTRL_X0Y1        BUFG (Prop_bufg_I_O)         0.096     3.521 r  clk_IBUF_BUFG_inst/O
                         net (fo=68, routed)          1.555     5.076    clk_IBUF_BUFG
    SLICE_X13Y28         FDRE                                         r  counter_btn_reg[1]/C
  -------------------------------------------------------------------    -------------------
    SLICE_X13Y28         FDRE (Prop_fdre_C_Q)         0.456     5.532 f  counter_btn_reg[1]/Q
                         net (fo=3, routed)           0.850     6.382    counter_btn_reg[1]
    SLICE_X12Y29         LUT4 (Prop_lut4_I1_O)        0.124     6.506 r  btn_clk_i_9/O
                         net (fo=1, routed)           0.811     7.318    btn_clk_i_9_n_0
    SLICE_X12Y30         LUT6 (Prop_lut6_I0_O)        0.124     7.442 r  btn_clk_i_7/O
                         net (fo=1, routed)           0.594     8.036    btn_clk_i_7_n_0
    SLICE_X12Y32         LUT6 (Prop_lut6_I5_O)        0.124     8.160 r  btn_clk_i_3/O
                         net (fo=25, routed)          0.665     8.825    counter_btn0
    SLICE_X13Y29         FDRE                                         r  counter_btn_reg[5]/CE
  -------------------------------------------------------------------    -------------------

                         (clock main_clk rise edge)
                                                     10.000    10.000 r  
    W5                                                0.000    10.000 r  clk (IN)
                         net (fo=0)                   0.000    10.000    clk
    W5                   IBUF (Prop_ibuf_I_O)         1.388    11.388 r  clk_IBUF_inst/O
                         net (fo=1, routed)           1.862    13.250    clk_IBUF
    BUFGCTRL_X0Y1        BUFG (Prop_bufg_I_O)         0.091    13.341 r  clk_IBUF_BUFG_inst/O
                         net (fo=68, routed)          1.439    14.780    clk_IBUF_BUFG
    SLICE_X13Y29         FDRE                                         r  counter_btn_reg[5]/C
                         clock pessimism              0.274    15.054    
                         clock uncertainty           -0.035    15.019    
    SLICE_X13Y29         FDRE (Setup_fdre_C_CE)      -0.205    14.814    counter_btn_reg[5]
  -------------------------------------------------------------------
                         required time                         14.814    
                         arrival time                          -8.825    
  -------------------------------------------------------------------
                         slack                                  5.989    





Min Delay Paths
--------------------------------------------------------------------------------------
Slack (MET) :             0.167ns  (arrival time - required time)
  Source:                 counter_clk_reg[30]/C
                            (rising edge-triggered cell FDRE clocked by main_clk  {rise@0.000ns fall@5.000ns period=10.000ns})
  Destination:            rst_reg/D
                            (rising edge-triggered cell FDRE clocked by main_clk  {rise@0.000ns fall@5.000ns period=10.000ns})
  Path Group:             main_clk
  Path Type:              Hold (Min at Fast Process Corner)
  Requirement:            0.000ns  (main_clk rise@0.000ns - main_clk rise@0.000ns)
  Data Path Delay:        0.271ns  (logic 0.209ns (77.121%)  route 0.062ns (22.879%))
  Logic Levels:           1  (LUT5=1)
  Clock Path Skew:        0.013ns (DCD - SCD - CPR)
    Destination Clock Delay (DCD):    1.989ns
    Source Clock Delay      (SCD):    1.474ns
    Clock Pessimism Removal (CPR):    0.502ns

    Location             Delay type                Incr(ns)  Path(ns)    Netlist Resource(s)
  -------------------------------------------------------------------    -------------------
                         (clock main_clk rise edge)
                                                      0.000     0.000 r  
    W5                                                0.000     0.000 r  clk (IN)
                         net (fo=0)                   0.000     0.000    clk
    W5                   IBUF (Prop_ibuf_I_O)         0.226     0.226 r  clk_IBUF_inst/O
                         net (fo=1, routed)           0.631     0.858    clk_IBUF
    BUFGCTRL_X0Y1        BUFG (Prop_bufg_I_O)         0.026     0.884 r  clk_IBUF_BUFG_inst/O
                         net (fo=68, routed)          0.591     1.474    clk_IBUF_BUFG
    SLICE_X64Y88         FDRE                                         r  counter_clk_reg[30]/C
  -------------------------------------------------------------------    -------------------
    SLICE_X64Y88         FDRE (Prop_fdre_C_Q)         0.164     1.638 r  counter_clk_reg[30]/Q
                         net (fo=2, routed)           0.062     1.700    counter_clk_reg__0[30]
    SLICE_X65Y88         LUT5 (Prop_lut5_I0_O)        0.045     1.745 r  rst_i_1/O
                         net (fo=1, routed)           0.000     1.745    rst_i_1_n_0
    SLICE_X65Y88         FDRE                                         r  rst_reg/D
  -------------------------------------------------------------------    -------------------

                         (clock main_clk rise edge)
                                                      0.000     0.000 r  
    W5                                                0.000     0.000 r  clk (IN)
                         net (fo=0)                   0.000     0.000    clk
    W5                   IBUF (Prop_ibuf_I_O)         0.414     0.414 r  clk_IBUF_inst/O
                         net (fo=1, routed)           0.685     1.099    clk_IBUF
    BUFGCTRL_X0Y1        BUFG (Prop_bufg_I_O)         0.029     1.128 r  clk_IBUF_BUFG_inst/O
                         net (fo=68, routed)          0.861     1.989    clk_IBUF_BUFG
    SLICE_X65Y88         FDRE                                         r  rst_reg/C
                         clock pessimism             -0.502     1.487    
    SLICE_X65Y88         FDRE (Hold_fdre_C_D)         0.091     1.578    rst_reg
  -------------------------------------------------------------------
                         required time                         -1.578    
                         arrival time                           1.745    
  -------------------------------------------------------------------
                         slack                                  0.167    

Slack (MET) :             0.254ns  (arrival time - required time)
  Source:                 counter_clk_reg[10]/C
                            (rising edge-triggered cell FDRE clocked by main_clk  {rise@0.000ns fall@5.000ns period=10.000ns})
  Destination:            counter_clk_reg[10]/D
                            (rising edge-triggered cell FDRE clocked by main_clk  {rise@0.000ns fall@5.000ns period=10.000ns})
  Path Group:             main_clk
  Path Type:              Hold (Min at Fast Process Corner)
  Requirement:            0.000ns  (main_clk rise@0.000ns - main_clk rise@0.000ns)
  Data Path Delay:        0.388ns  (logic 0.274ns (70.550%)  route 0.114ns (29.450%))
  Logic Levels:           1  (CARRY4=1)
  Clock Path Skew:        0.000ns (DCD - SCD - CPR)
    Destination Clock Delay (DCD):    1.984ns
    Source Clock Delay      (SCD):    1.471ns
    Clock Pessimism Removal (CPR):    0.513ns

    Location             Delay type                Incr(ns)  Path(ns)    Netlist Resource(s)
  -------------------------------------------------------------------    -------------------
                         (clock main_clk rise edge)
                                                      0.000     0.000 r  
    W5                                                0.000     0.000 r  clk (IN)
                         net (fo=0)                   0.000     0.000    clk
    W5                   IBUF (Prop_ibuf_I_O)         0.226     0.226 r  clk_IBUF_inst/O
                         net (fo=1, routed)           0.631     0.858    clk_IBUF
    BUFGCTRL_X0Y1        BUFG (Prop_bufg_I_O)         0.026     0.884 r  clk_IBUF_BUFG_inst/O
                         net (fo=68, routed)          0.588     1.471    clk_IBUF_BUFG
    SLICE_X64Y83         FDRE                                         r  counter_clk_reg[10]/C
  -------------------------------------------------------------------    -------------------
    SLICE_X64Y83         FDRE (Prop_fdre_C_Q)         0.164     1.635 r  counter_clk_reg[10]/Q
                         net (fo=1, routed)           0.114     1.750    counter_clk_reg_n_0_[10]
    SLICE_X64Y83         CARRY4 (Prop_carry4_S[2]_O[2])
                                                      0.110     1.860 r  counter_clk_reg[8]_i_1/O[2]
                         net (fo=1, routed)           0.000     1.860    counter_clk_reg[8]_i_1_n_5
    SLICE_X64Y83         FDRE                                         r  counter_clk_reg[10]/D
  -------------------------------------------------------------------    -------------------

                         (clock main_clk rise edge)
                                                      0.000     0.000 r  
    W5                                                0.000     0.000 r  clk (IN)
                         net (fo=0)                   0.000     0.000    clk
    W5                   IBUF (Prop_ibuf_I_O)         0.414     0.414 r  clk_IBUF_inst/O
                         net (fo=1, routed)           0.685     1.099    clk_IBUF
    BUFGCTRL_X0Y1        BUFG (Prop_bufg_I_O)         0.029     1.128 r  clk_IBUF_BUFG_inst/O
                         net (fo=68, routed)          0.856     1.984    clk_IBUF_BUFG
    SLICE_X64Y83         FDRE                                         r  counter_clk_reg[10]/C
                         clock pessimism             -0.513     1.471    
    SLICE_X64Y83         FDRE (Hold_fdre_C_D)         0.134     1.605    counter_clk_reg[10]
  -------------------------------------------------------------------
                         required time                         -1.605    
                         arrival time                           1.860    
  -------------------------------------------------------------------
                         slack                                  0.254    

Slack (MET) :             0.254ns  (arrival time - required time)
  Source:                 counter_clk_reg[22]/C
                            (rising edge-triggered cell FDRE clocked by main_clk  {rise@0.000ns fall@5.000ns period=10.000ns})
  Destination:            counter_clk_reg[22]/D
                            (rising edge-triggered cell FDRE clocked by main_clk  {rise@0.000ns fall@5.000ns period=10.000ns})
  Path Group:             main_clk
  Path Type:              Hold (Min at Fast Process Corner)
  Requirement:            0.000ns  (main_clk rise@0.000ns - main_clk rise@0.000ns)
  Data Path Delay:        0.388ns  (logic 0.274ns (70.550%)  route 0.114ns (29.450%))
  Logic Levels:           1  (CARRY4=1)
  Clock Path Skew:        0.000ns (DCD - SCD - CPR)
    Destination Clock Delay (DCD):    1.986ns
    Source Clock Delay      (SCD):    1.472ns
    Clock Pessimism Removal (CPR):    0.514ns

    Location             Delay type                Incr(ns)  Path(ns)    Netlist Resource(s)
  -------------------------------------------------------------------    -------------------
                         (clock main_clk rise edge)
                                                      0.000     0.000 r  
    W5                                                0.000     0.000 r  clk (IN)
                         net (fo=0)                   0.000     0.000    clk
    W5                   IBUF (Prop_ibuf_I_O)         0.226     0.226 r  clk_IBUF_inst/O
                         net (fo=1, routed)           0.631     0.858    clk_IBUF
    BUFGCTRL_X0Y1        BUFG (Prop_bufg_I_O)         0.026     0.884 r  clk_IBUF_BUFG_inst/O
                         net (fo=68, routed)          0.589     1.472    clk_IBUF_BUFG
    SLICE_X64Y86         FDRE                                         r  counter_clk_reg[22]/C
  -------------------------------------------------------------------    -------------------
    SLICE_X64Y86         FDRE (Prop_fdre_C_Q)         0.164     1.636 r  counter_clk_reg[22]/Q
                         net (fo=1, routed)           0.114     1.751    counter_clk_reg_n_0_[22]
    SLICE_X64Y86         CARRY4 (Prop_carry4_S[2]_O[2])
                                                      0.110     1.861 r  counter_clk_reg[20]_i_1/O[2]
                         net (fo=1, routed)           0.000     1.861    counter_clk_reg[20]_i_1_n_5
    SLICE_X64Y86         FDRE                                         r  counter_clk_reg[22]/D
  -------------------------------------------------------------------    -------------------

                         (clock main_clk rise edge)
                                                      0.000     0.000 r  
    W5                                                0.000     0.000 r  clk (IN)
                         net (fo=0)                   0.000     0.000    clk
    W5                   IBUF (Prop_ibuf_I_O)         0.414     0.414 r  clk_IBUF_inst/O
                         net (fo=1, routed)           0.685     1.099    clk_IBUF
    BUFGCTRL_X0Y1        BUFG (Prop_bufg_I_O)         0.029     1.128 r  clk_IBUF_BUFG_inst/O
                         net (fo=68, routed)          0.858     1.986    clk_IBUF_BUFG
    SLICE_X64Y86         FDRE                                         r  counter_clk_reg[22]/C
                         clock pessimism             -0.514     1.472    
    SLICE_X64Y86         FDRE (Hold_fdre_C_D)         0.134     1.606    counter_clk_reg[22]
  -------------------------------------------------------------------
                         required time                         -1.606    
                         arrival time                           1.861    
  -------------------------------------------------------------------
                         slack                                  0.254    

Slack (MET) :             0.254ns  (arrival time - required time)
  Source:                 counter_clk_reg[2]/C
                            (rising edge-triggered cell FDRE clocked by main_clk  {rise@0.000ns fall@5.000ns period=10.000ns})
  Destination:            counter_clk_reg[2]/D
                            (rising edge-triggered cell FDRE clocked by main_clk  {rise@0.000ns fall@5.000ns period=10.000ns})
  Path Group:             main_clk
  Path Type:              Hold (Min at Fast Process Corner)
  Requirement:            0.000ns  (main_clk rise@0.000ns - main_clk rise@0.000ns)
  Data Path Delay:        0.388ns  (logic 0.274ns (70.550%)  route 0.114ns (29.450%))
  Logic Levels:           1  (CARRY4=1)
  Clock Path Skew:        0.000ns (DCD - SCD - CPR)
    Destination Clock Delay (DCD):    1.982ns
    Source Clock Delay      (SCD):    1.469ns
    Clock Pessimism Removal (CPR):    0.513ns

    Location             Delay type                Incr(ns)  Path(ns)    Netlist Resource(s)
  -------------------------------------------------------------------    -------------------
                         (clock main_clk rise edge)
                                                      0.000     0.000 r  
    W5                                                0.000     0.000 r  clk (IN)
                         net (fo=0)                   0.000     0.000    clk
    W5                   IBUF (Prop_ibuf_I_O)         0.226     0.226 r  clk_IBUF_inst/O
                         net (fo=1, routed)           0.631     0.858    clk_IBUF
    BUFGCTRL_X0Y1        BUFG (Prop_bufg_I_O)         0.026     0.884 r  clk_IBUF_BUFG_inst/O
                         net (fo=68, routed)          0.586     1.469    clk_IBUF_BUFG
    SLICE_X64Y81         FDRE                                         r  counter_clk_reg[2]/C
  -------------------------------------------------------------------    -------------------
    SLICE_X64Y81         FDRE (Prop_fdre_C_Q)         0.164     1.633 r  counter_clk_reg[2]/Q
                         net (fo=1, routed)           0.114     1.748    counter_clk_reg_n_0_[2]
    SLICE_X64Y81         CARRY4 (Prop_carry4_S[2]_O[2])
                                                      0.110     1.858 r  counter_clk_reg[0]_i_1/O[2]
                         net (fo=1, routed)           0.000     1.858    counter_clk_reg[0]_i_1_n_5
    SLICE_X64Y81         FDRE                                         r  counter_clk_reg[2]/D
  -------------------------------------------------------------------    -------------------

                         (clock main_clk rise edge)
                                                      0.000     0.000 r  
    W5                                                0.000     0.000 r  clk (IN)
                         net (fo=0)                   0.000     0.000    clk
    W5                   IBUF (Prop_ibuf_I_O)         0.414     0.414 r  clk_IBUF_inst/O
                         net (fo=1, routed)           0.685     1.099    clk_IBUF
    BUFGCTRL_X0Y1        BUFG (Prop_bufg_I_O)         0.029     1.128 r  clk_IBUF_BUFG_inst/O
                         net (fo=68, routed)          0.854     1.982    clk_IBUF_BUFG
    SLICE_X64Y81         FDRE                                         r  counter_clk_reg[2]/C
                         clock pessimism             -0.513     1.469    
    SLICE_X64Y81         FDRE (Hold_fdre_C_D)         0.134     1.603    counter_clk_reg[2]
  -------------------------------------------------------------------
                         required time                         -1.603    
                         arrival time                           1.858    
  -------------------------------------------------------------------
                         slack                                  0.254    

Slack (MET) :             0.254ns  (arrival time - required time)
  Source:                 counter_clk_reg[6]/C
                            (rising edge-triggered cell FDRE clocked by main_clk  {rise@0.000ns fall@5.000ns period=10.000ns})
  Destination:            counter_clk_reg[6]/D
                            (rising edge-triggered cell FDRE clocked by main_clk  {rise@0.000ns fall@5.000ns period=10.000ns})
  Path Group:             main_clk
  Path Type:              Hold (Min at Fast Process Corner)
  Requirement:            0.000ns  (main_clk rise@0.000ns - main_clk rise@0.000ns)
  Data Path Delay:        0.388ns  (logic 0.274ns (70.550%)  route 0.114ns (29.450%))
  Logic Levels:           1  (CARRY4=1)
  Clock Path Skew:        0.000ns (DCD - SCD - CPR)
    Destination Clock Delay (DCD):    1.983ns
    Source Clock Delay      (SCD):    1.470ns
    Clock Pessimism Removal (CPR):    0.513ns

    Location             Delay type                Incr(ns)  Path(ns)    Netlist Resource(s)
  -------------------------------------------------------------------    -------------------
                         (clock main_clk rise edge)
                                                      0.000     0.000 r  
    W5                                                0.000     0.000 r  clk (IN)
                         net (fo=0)                   0.000     0.000    clk
    W5                   IBUF (Prop_ibuf_I_O)         0.226     0.226 r  clk_IBUF_inst/O
                         net (fo=1, routed)           0.631     0.858    clk_IBUF
    BUFGCTRL_X0Y1        BUFG (Prop_bufg_I_O)         0.026     0.884 r  clk_IBUF_BUFG_inst/O
                         net (fo=68, routed)          0.587     1.470    clk_IBUF_BUFG
    SLICE_X64Y82         FDRE                                         r  counter_clk_reg[6]/C
  -------------------------------------------------------------------    -------------------
    SLICE_X64Y82         FDRE (Prop_fdre_C_Q)         0.164     1.634 r  counter_clk_reg[6]/Q
                         net (fo=1, routed)           0.114     1.749    counter_clk_reg_n_0_[6]
    SLICE_X64Y82         CARRY4 (Prop_carry4_S[2]_O[2])
                                                      0.110     1.859 r  counter_clk_reg[4]_i_1/O[2]
                         net (fo=1, routed)           0.000     1.859    counter_clk_reg[4]_i_1_n_5
    SLICE_X64Y82         FDRE                                         r  counter_clk_reg[6]/D
  -------------------------------------------------------------------    -------------------

                         (clock main_clk rise edge)
                                                      0.000     0.000 r  
    W5                                                0.000     0.000 r  clk (IN)
                         net (fo=0)                   0.000     0.000    clk
    W5                   IBUF (Prop_ibuf_I_O)         0.414     0.414 r  clk_IBUF_inst/O
                         net (fo=1, routed)           0.685     1.099    clk_IBUF
    BUFGCTRL_X0Y1        BUFG (Prop_bufg_I_O)         0.029     1.128 r  clk_IBUF_BUFG_inst/O
                         net (fo=68, routed)          0.855     1.983    clk_IBUF_BUFG
    SLICE_X64Y82         FDRE                                         r  counter_clk_reg[6]/C
                         clock pessimism             -0.513     1.470    
    SLICE_X64Y82         FDRE (Hold_fdre_C_D)         0.134     1.604    counter_clk_reg[6]
  -------------------------------------------------------------------
                         required time                         -1.604    
                         arrival time                           1.859    
  -------------------------------------------------------------------
                         slack                                  0.254    

Slack (MET) :             0.254ns  (arrival time - required time)
  Source:                 counter_clk_reg[14]/C
                            (rising edge-triggered cell FDRE clocked by main_clk  {rise@0.000ns fall@5.000ns period=10.000ns})
  Destination:            counter_clk_reg[14]/D
                            (rising edge-triggered cell FDRE clocked by main_clk  {rise@0.000ns fall@5.000ns period=10.000ns})
  Path Group:             main_clk
  Path Type:              Hold (Min at Fast Process Corner)
  Requirement:            0.000ns  (main_clk rise@0.000ns - main_clk rise@0.000ns)
  Data Path Delay:        0.388ns  (logic 0.274ns (70.550%)  route 0.114ns (29.450%))
  Logic Levels:           1  (CARRY4=1)
  Clock Path Skew:        0.000ns (DCD - SCD - CPR)
    Destination Clock Delay (DCD):    1.985ns
    Source Clock Delay      (SCD):    1.472ns
    Clock Pessimism Removal (CPR):    0.513ns

    Location             Delay type                Incr(ns)  Path(ns)    Netlist Resource(s)
  -------------------------------------------------------------------    -------------------
                         (clock main_clk rise edge)
                                                      0.000     0.000 r  
    W5                                                0.000     0.000 r  clk (IN)
                         net (fo=0)                   0.000     0.000    clk
    W5                   IBUF (Prop_ibuf_I_O)         0.226     0.226 r  clk_IBUF_inst/O
                         net (fo=1, routed)           0.631     0.858    clk_IBUF
    BUFGCTRL_X0Y1        BUFG (Prop_bufg_I_O)         0.026     0.884 r  clk_IBUF_BUFG_inst/O
                         net (fo=68, routed)          0.589     1.472    clk_IBUF_BUFG
    SLICE_X64Y84         FDRE                                         r  counter_clk_reg[14]/C
  -------------------------------------------------------------------    -------------------
    SLICE_X64Y84         FDRE (Prop_fdre_C_Q)         0.164     1.636 r  counter_clk_reg[14]/Q
                         net (fo=1, routed)           0.114     1.751    counter_clk_reg_n_0_[14]
    SLICE_X64Y84         CARRY4 (Prop_carry4_S[2]_O[2])
                                                      0.110     1.861 r  counter_clk_reg[12]_i_1/O[2]
                         net (fo=1, routed)           0.000     1.861    counter_clk_reg[12]_i_1_n_5
    SLICE_X64Y84         FDRE                                         r  counter_clk_reg[14]/D
  -------------------------------------------------------------------    -------------------

                         (clock main_clk rise edge)
                                                      0.000     0.000 r  
    W5                                                0.000     0.000 r  clk (IN)
                         net (fo=0)                   0.000     0.000    clk
    W5                   IBUF (Prop_ibuf_I_O)         0.414     0.414 r  clk_IBUF_inst/O
                         net (fo=1, routed)           0.685     1.099    clk_IBUF
    BUFGCTRL_X0Y1        BUFG (Prop_bufg_I_O)         0.029     1.128 r  clk_IBUF_BUFG_inst/O
                         net (fo=68, routed)          0.857     1.985    clk_IBUF_BUFG
    SLICE_X64Y84         FDRE                                         r  counter_clk_reg[14]/C
                         clock pessimism             -0.513     1.472    
    SLICE_X64Y84         FDRE (Hold_fdre_C_D)         0.134     1.606    counter_clk_reg[14]
  -------------------------------------------------------------------
                         required time                         -1.606    
                         arrival time                           1.861    
  -------------------------------------------------------------------
                         slack                                  0.254    

Slack (MET) :             0.256ns  (arrival time - required time)
  Source:                 c1/counter_reg[6]/C
                            (rising edge-triggered cell FDRE clocked by main_clk  {rise@0.000ns fall@5.000ns period=10.000ns})
  Destination:            c1/clk_uart_reg/D
                            (rising edge-triggered cell FDRE clocked by main_clk  {rise@0.000ns fall@5.000ns period=10.000ns})
  Path Group:             main_clk
  Path Type:              Hold (Min at Fast Process Corner)
  Requirement:            0.000ns  (main_clk rise@0.000ns - main_clk rise@0.000ns)
  Data Path Delay:        0.363ns  (logic 0.186ns (51.192%)  route 0.177ns (48.808%))
  Logic Levels:           1  (LUT6=1)
  Clock Path Skew:        0.016ns (DCD - SCD - CPR)
    Destination Clock Delay (DCD):    1.988ns
    Source Clock Delay      (SCD):    1.474ns
    Clock Pessimism Removal (CPR):    0.498ns

    Location             Delay type                Incr(ns)  Path(ns)    Netlist Resource(s)
  -------------------------------------------------------------------    -------------------
                         (clock main_clk rise edge)
                                                      0.000     0.000 r  
    W5                                                0.000     0.000 r  clk (IN)
                         net (fo=0)                   0.000     0.000    clk
    W5                   IBUF (Prop_ibuf_I_O)         0.226     0.226 r  clk_IBUF_inst/O
                         net (fo=1, routed)           0.631     0.858    clk_IBUF
    BUFGCTRL_X0Y1        BUFG (Prop_bufg_I_O)         0.026     0.884 r  clk_IBUF_BUFG_inst/O
                         net (fo=68, routed)          0.591     1.474    c1/clk_IBUF_BUFG
    SLICE_X58Y91         FDRE                                         r  c1/counter_reg[6]/C
  -------------------------------------------------------------------    -------------------
    SLICE_X58Y91         FDRE (Prop_fdre_C_Q)         0.141     1.615 r  c1/counter_reg[6]/Q
                         net (fo=6, routed)           0.177     1.793    c1/counter[6]
    SLICE_X58Y92         LUT6 (Prop_lut6_I2_O)        0.045     1.838 r  c1/clk_uart_i_1/O
                         net (fo=1, routed)           0.000     1.838    c1/clk_uart_i_1_n_0
    SLICE_X58Y92         FDRE                                         r  c1/clk_uart_reg/D
  -------------------------------------------------------------------    -------------------

                         (clock main_clk rise edge)
                                                      0.000     0.000 r  
    W5                                                0.000     0.000 r  clk (IN)
                         net (fo=0)                   0.000     0.000    clk
    W5                   IBUF (Prop_ibuf_I_O)         0.414     0.414 r  clk_IBUF_inst/O
                         net (fo=1, routed)           0.685     1.099    clk_IBUF
    BUFGCTRL_X0Y1        BUFG (Prop_bufg_I_O)         0.029     1.128 r  clk_IBUF_BUFG_inst/O
                         net (fo=68, routed)          0.860     1.988    c1/clk_IBUF_BUFG
    SLICE_X58Y92         FDRE                                         r  c1/clk_uart_reg/C
                         clock pessimism             -0.498     1.490    
    SLICE_X58Y92         FDRE (Hold_fdre_C_D)         0.091     1.581    c1/clk_uart_reg
  -------------------------------------------------------------------
                         required time                         -1.581    
                         arrival time                           1.838    
  -------------------------------------------------------------------
                         slack                                  0.256    

Slack (MET) :             0.259ns  (arrival time - required time)
  Source:                 c1/counter_reg[0]/C
                            (rising edge-triggered cell FDRE clocked by main_clk  {rise@0.000ns fall@5.000ns period=10.000ns})
  Destination:            c1/counter_reg[5]/D
                            (rising edge-triggered cell FDRE clocked by main_clk  {rise@0.000ns fall@5.000ns period=10.000ns})
  Path Group:             main_clk
  Path Type:              Hold (Min at Fast Process Corner)
  Requirement:            0.000ns  (main_clk rise@0.000ns - main_clk rise@0.000ns)
  Data Path Delay:        0.351ns  (logic 0.186ns (52.950%)  route 0.165ns (47.050%))
  Logic Levels:           1  (LUT6=1)
  Clock Path Skew:        0.000ns (DCD - SCD - CPR)
    Destination Clock Delay (DCD):    1.988ns
    Source Clock Delay      (SCD):    1.474ns
    Clock Pessimism Removal (CPR):    0.514ns

    Location             Delay type                Incr(ns)  Path(ns)    Netlist Resource(s)
  -------------------------------------------------------------------    -------------------
                         (clock main_clk rise edge)
                                                      0.000     0.000 r  
    W5                                                0.000     0.000 r  clk (IN)
                         net (fo=0)                   0.000     0.000    clk
    W5                   IBUF (Prop_ibuf_I_O)         0.226     0.226 r  clk_IBUF_inst/O
                         net (fo=1, routed)           0.631     0.858    clk_IBUF
    BUFGCTRL_X0Y1        BUFG (Prop_bufg_I_O)         0.026     0.884 r  clk_IBUF_BUFG_inst/O
                         net (fo=68, routed)          0.591     1.474    c1/clk_IBUF_BUFG
    SLICE_X59Y91         FDRE                                         r  c1/counter_reg[0]/C
  -------------------------------------------------------------------    -------------------
    SLICE_X59Y91         FDRE (Prop_fdre_C_Q)         0.141     1.615 r  c1/counter_reg[0]/Q
                         net (fo=9, routed)           0.165     1.781    c1/counter[0]
    SLICE_X59Y91         LUT6 (Prop_lut6_I2_O)        0.045     1.826 r  c1/counter[5]_i_1__0/O
                         net (fo=1, routed)           0.000     1.826    c1/p_1_in[5]
    SLICE_X59Y91         FDRE                                         r  c1/counter_reg[5]/D
  -------------------------------------------------------------------    -------------------

                         (clock main_clk rise edge)
                                                      0.000     0.000 r  
    W5                                                0.000     0.000 r  clk (IN)
                         net (fo=0)                   0.000     0.000    clk
    W5                   IBUF (Prop_ibuf_I_O)         0.414     0.414 r  clk_IBUF_inst/O
                         net (fo=1, routed)           0.685     1.099    clk_IBUF
    BUFGCTRL_X0Y1        BUFG (Prop_bufg_I_O)         0.029     1.128 r  clk_IBUF_BUFG_inst/O
                         net (fo=68, routed)          0.860     1.988    c1/clk_IBUF_BUFG
    SLICE_X59Y91         FDRE                                         r  c1/counter_reg[5]/C
                         clock pessimism             -0.514     1.474    
    SLICE_X59Y91         FDRE (Hold_fdre_C_D)         0.092     1.566    c1/counter_reg[5]
  -------------------------------------------------------------------
                         required time                         -1.566    
                         arrival time                           1.826    
  -------------------------------------------------------------------
                         slack                                  0.259    

Slack (MET) :             0.264ns  (arrival time - required time)
  Source:                 counter_btn_reg[3]/C
                            (rising edge-triggered cell FDRE clocked by main_clk  {rise@0.000ns fall@5.000ns period=10.000ns})
  Destination:            counter_btn_reg[3]/D
                            (rising edge-triggered cell FDRE clocked by main_clk  {rise@0.000ns fall@5.000ns period=10.000ns})
  Path Group:             main_clk
  Path Type:              Hold (Min at Fast Process Corner)
  Requirement:            0.000ns  (main_clk rise@0.000ns - main_clk rise@0.000ns)
  Data Path Delay:        0.369ns  (logic 0.249ns (67.424%)  route 0.120ns (32.576%))
  Logic Levels:           1  (CARRY4=1)
  Clock Path Skew:        0.000ns (DCD - SCD - CPR)
    Destination Clock Delay (DCD):    1.951ns
    Source Clock Delay      (SCD):    1.439ns
    Clock Pessimism Removal (CPR):    0.512ns

    Location             Delay type                Incr(ns)  Path(ns)    Netlist Resource(s)
  -------------------------------------------------------------------    -------------------
                         (clock main_clk rise edge)
                                                      0.000     0.000 r  
    W5                                                0.000     0.000 r  clk (IN)
                         net (fo=0)                   0.000     0.000    clk
    W5                   IBUF (Prop_ibuf_I_O)         0.226     0.226 r  clk_IBUF_inst/O
                         net (fo=1, routed)           0.631     0.858    clk_IBUF
    BUFGCTRL_X0Y1        BUFG (Prop_bufg_I_O)         0.026     0.884 r  clk_IBUF_BUFG_inst/O
                         net (fo=68, routed)          0.556     1.439    clk_IBUF_BUFG
    SLICE_X13Y28         FDRE                                         r  counter_btn_reg[3]/C
  -------------------------------------------------------------------    -------------------
    SLICE_X13Y28         FDRE (Prop_fdre_C_Q)         0.141     1.580 r  counter_btn_reg[3]/Q
                         net (fo=3, routed)           0.120     1.700    counter_btn_reg[3]
    SLICE_X13Y28         CARRY4 (Prop_carry4_S[3]_O[3])
                                                      0.108     1.808 r  counter_btn_reg[0]_i_3/O[3]
                         net (fo=1, routed)           0.000     1.808    counter_btn_reg[0]_i_3_n_4
    SLICE_X13Y28         FDRE                                         r  counter_btn_reg[3]/D
  -------------------------------------------------------------------    -------------------

                         (clock main_clk rise edge)
                                                      0.000     0.000 r  
    W5                                                0.000     0.000 r  clk (IN)
                         net (fo=0)                   0.000     0.000    clk
    W5                   IBUF (Prop_ibuf_I_O)         0.414     0.414 r  clk_IBUF_inst/O
                         net (fo=1, routed)           0.685     1.099    clk_IBUF
    BUFGCTRL_X0Y1        BUFG (Prop_bufg_I_O)         0.029     1.128 r  clk_IBUF_BUFG_inst/O
                         net (fo=68, routed)          0.824     1.951    clk_IBUF_BUFG
    SLICE_X13Y28         FDRE                                         r  counter_btn_reg[3]/C
                         clock pessimism             -0.512     1.439    
    SLICE_X13Y28         FDRE (Hold_fdre_C_D)         0.105     1.544    counter_btn_reg[3]
  -------------------------------------------------------------------
                         required time                         -1.544    
                         arrival time                           1.808    
  -------------------------------------------------------------------
                         slack                                  0.264    

Slack (MET) :             0.265ns  (arrival time - required time)
  Source:                 counter_clk_reg[30]/C
                            (rising edge-triggered cell FDRE clocked by main_clk  {rise@0.000ns fall@5.000ns period=10.000ns})
  Destination:            counter_clk_reg[30]/D
                            (rising edge-triggered cell FDRE clocked by main_clk  {rise@0.000ns fall@5.000ns period=10.000ns})
  Path Group:             main_clk
  Path Type:              Hold (Min at Fast Process Corner)
  Requirement:            0.000ns  (main_clk rise@0.000ns - main_clk rise@0.000ns)
  Data Path Delay:        0.399ns  (logic 0.274ns (68.589%)  route 0.125ns (31.411%))
  Logic Levels:           1  (CARRY4=1)
  Clock Path Skew:        0.000ns (DCD - SCD - CPR)
    Destination Clock Delay (DCD):    1.989ns
    Source Clock Delay      (SCD):    1.474ns
    Clock Pessimism Removal (CPR):    0.515ns

    Location             Delay type                Incr(ns)  Path(ns)    Netlist Resource(s)
  -------------------------------------------------------------------    -------------------
                         (clock main_clk rise edge)
                                                      0.000     0.000 r  
    W5                                                0.000     0.000 r  clk (IN)
                         net (fo=0)                   0.000     0.000    clk
    W5                   IBUF (Prop_ibuf_I_O)         0.226     0.226 r  clk_IBUF_inst/O
                         net (fo=1, routed)           0.631     0.858    clk_IBUF
    BUFGCTRL_X0Y1        BUFG (Prop_bufg_I_O)         0.026     0.884 r  clk_IBUF_BUFG_inst/O
                         net (fo=68, routed)          0.591     1.474    clk_IBUF_BUFG
    SLICE_X64Y88         FDRE                                         r  counter_clk_reg[30]/C
  -------------------------------------------------------------------    -------------------
    SLICE_X64Y88         FDRE (Prop_fdre_C_Q)         0.164     1.638 r  counter_clk_reg[30]/Q
                         net (fo=2, routed)           0.125     1.764    counter_clk_reg__0[30]
    SLICE_X64Y88         CARRY4 (Prop_carry4_S[2]_O[2])
                                                      0.110     1.874 r  counter_clk_reg[28]_i_1/O[2]
                         net (fo=1, routed)           0.000     1.874    counter_clk_reg[28]_i_1_n_5
    SLICE_X64Y88         FDRE                                         r  counter_clk_reg[30]/D
  -------------------------------------------------------------------    -------------------

                         (clock main_clk rise edge)
                                                      0.000     0.000 r  
    W5                                                0.000     0.000 r  clk (IN)
                         net (fo=0)                   0.000     0.000    clk
    W5                   IBUF (Prop_ibuf_I_O)         0.414     0.414 r  clk_IBUF_inst/O
                         net (fo=1, routed)           0.685     1.099    clk_IBUF
    BUFGCTRL_X0Y1        BUFG (Prop_bufg_I_O)         0.029     1.128 r  clk_IBUF_BUFG_inst/O
                         net (fo=68, routed)          0.861     1.989    clk_IBUF_BUFG
    SLICE_X64Y88         FDRE                                         r  counter_clk_reg[30]/C
                         clock pessimism             -0.515     1.474    
    SLICE_X64Y88         FDRE (Hold_fdre_C_D)         0.134     1.608    counter_clk_reg[30]
  -------------------------------------------------------------------
                         required time                         -1.608    
                         arrival time                           1.874    
  -------------------------------------------------------------------
                         slack                                  0.265    





Pulse Width Checks
--------------------------------------------------------------------------------------
Clock Name:         main_clk
Waveform(ns):       { 0.000 5.000 }
Period(ns):         10.000
Sources:            { clk }

Check Type        Corner  Lib Pin  Reference Pin  Required(ns)  Actual(ns)  Slack(ns)  Location       Pin
Min Period        n/a     BUFG/I   n/a            2.155         10.000      7.845      BUFGCTRL_X0Y1  clk_IBUF_BUFG_inst/I
Min Period        n/a     FDRE/C   n/a            1.000         10.000      9.000      SLICE_X12Y31   btn_clk_reg/C
Min Period        n/a     FDRE/C   n/a            1.000         10.000      9.000      SLICE_X13Y28   counter_btn_reg[0]/C
Min Period        n/a     FDRE/C   n/a            1.000         10.000      9.000      SLICE_X13Y30   counter_btn_reg[10]/C
Min Period        n/a     FDRE/C   n/a            1.000         10.000      9.000      SLICE_X13Y30   counter_btn_reg[11]/C
Min Period        n/a     FDRE/C   n/a            1.000         10.000      9.000      SLICE_X13Y31   counter_btn_reg[12]/C
Min Period        n/a     FDRE/C   n/a            1.000         10.000      9.000      SLICE_X13Y31   counter_btn_reg[13]/C
Min Period        n/a     FDRE/C   n/a            1.000         10.000      9.000      SLICE_X13Y31   counter_btn_reg[14]/C
Min Period        n/a     FDRE/C   n/a            1.000         10.000      9.000      SLICE_X13Y31   counter_btn_reg[15]/C
Min Period        n/a     FDRE/C   n/a            1.000         10.000      9.000      SLICE_X13Y32   counter_btn_reg[16]/C
Low Pulse Width   Slow    FDRE/C   n/a            0.500         5.000       4.500      SLICE_X12Y31   btn_clk_reg/C
Low Pulse Width   Fast    FDRE/C   n/a            0.500         5.000       4.500      SLICE_X12Y31   btn_clk_reg/C
Low Pulse Width   Slow    FDRE/C   n/a            0.500         5.000       4.500      SLICE_X13Y28   counter_btn_reg[0]/C
Low Pulse Width   Fast    FDRE/C   n/a            0.500         5.000       4.500      SLICE_X13Y28   counter_btn_reg[0]/C
Low Pulse Width   Slow    FDRE/C   n/a            0.500         5.000       4.500      SLICE_X13Y30   counter_btn_reg[10]/C
Low Pulse Width   Fast    FDRE/C   n/a            0.500         5.000       4.500      SLICE_X13Y30   counter_btn_reg[10]/C
Low Pulse Width   Slow    FDRE/C   n/a            0.500         5.000       4.500      SLICE_X13Y30   counter_btn_reg[11]/C
Low Pulse Width   Fast    FDRE/C   n/a            0.500         5.000       4.500      SLICE_X13Y30   counter_btn_reg[11]/C
Low Pulse Width   Slow    FDRE/C   n/a            0.500         5.000       4.500      SLICE_X13Y31   counter_btn_reg[12]/C
Low Pulse Width   Fast    FDRE/C   n/a            0.500         5.000       4.500      SLICE_X13Y31   counter_btn_reg[12]/C
High Pulse Width  Slow    FDRE/C   n/a            0.500         5.000       4.500      SLICE_X12Y31   btn_clk_reg/C
High Pulse Width  Fast    FDRE/C   n/a            0.500         5.000       4.500      SLICE_X12Y31   btn_clk_reg/C
High Pulse Width  Slow    FDRE/C   n/a            0.500         5.000       4.500      SLICE_X13Y28   counter_btn_reg[0]/C
High Pulse Width  Fast    FDRE/C   n/a            0.500         5.000       4.500      SLICE_X13Y28   counter_btn_reg[0]/C
High Pulse Width  Slow    FDRE/C   n/a            0.500         5.000       4.500      SLICE_X13Y30   counter_btn_reg[10]/C
High Pulse Width  Fast    FDRE/C   n/a            0.500         5.000       4.500      SLICE_X13Y30   counter_btn_reg[10]/C
High Pulse Width  Slow    FDRE/C   n/a            0.500         5.000       4.500      SLICE_X13Y30   counter_btn_reg[11]/C
High Pulse Width  Fast    FDRE/C   n/a            0.500         5.000       4.500      SLICE_X13Y30   counter_btn_reg[11]/C
High Pulse Width  Slow    FDRE/C   n/a            0.500         5.000       4.500      SLICE_X13Y31   counter_btn_reg[12]/C
High Pulse Width  Fast    FDRE/C   n/a            0.500         5.000       4.500      SLICE_X13Y31   counter_btn_reg[12]/C



--------------------------------------------------------------------------------------
Path Group:  (none)
From Clock:  
  To Clock:  

Max Delay           145 Endpoints
Min Delay           145 Endpoints
--------------------------------------------------------------------------------------


Max Delay Paths
--------------------------------------------------------------------------------------
Slack:                    inf
  Source:                 counter_reg[5]/C
                            (rising edge-triggered cell FDRE)
  Destination:            seg[6]
                            (output port)
  Path Group:             (none)
  Path Type:              Max at Slow Process Corner
  Data Path Delay:        19.806ns  (logic 7.156ns (36.133%)  route 12.649ns (63.867%))
  Logic Levels:           15  (CARRY4=4 FDRE=1 LUT2=2 LUT3=1 LUT4=2 LUT6=4 OBUF=1)

    Location             Delay type                Incr(ns)  Path(ns)    Netlist Resource(s)
  -------------------------------------------------------------------    -------------------
    SLICE_X59Y90         FDRE                         0.000     0.000 r  counter_reg[5]/C
    SLICE_X59Y90         FDRE (Prop_fdre_C_Q)         0.456     0.456 r  counter_reg[5]/Q
                         net (fo=17, routed)          1.016     1.472    d_g1/Q[5]
    SLICE_X60Y90         LUT6 (Prop_lut6_I2_O)        0.124     1.596 f  d_g1/hundreds0_carry__1_i_5/O
                         net (fo=6, routed)           0.476     2.072    d_g1/hundreds0_carry__1_i_5_n_0
    SLICE_X60Y90         LUT2 (Prop_lut2_I1_O)        0.150     2.222 r  d_g1/hundreds0_carry_i_5/O
                         net (fo=39, routed)          1.214     3.436    d_g1/hundreds0_carry_i_5_n_0
    SLICE_X63Y88         LUT3 (Prop_lut3_I2_O)        0.328     3.764 r  d_g1/hundreds0_carry__0_i_8/O
                         net (fo=1, routed)           0.000     3.764    d_g1/hundreds0_carry__0_i_8_n_0
    SLICE_X63Y88         CARRY4 (Prop_carry4_S[0]_CO[3])
                                                      0.532     4.296 r  d_g1/hundreds0_carry__0/CO[3]
                         net (fo=1, routed)           0.000     4.296    d_g1/hundreds0_carry__0_n_0
    SLICE_X63Y89         CARRY4 (Prop_carry4_CI_O[0])
                                                      0.222     4.518 r  d_g1/hundreds0_carry__1/O[0]
                         net (fo=16, routed)          1.537     6.055    d_g1/O[0]
    SLICE_X59Y87         LUT2 (Prop_lut2_I0_O)        0.327     6.382 r  d_g1/hundreds0__14_carry_i_3/O
                         net (fo=2, routed)           0.859     7.241    d_g1/hundreds0__14_carry_i_3_n_0
    SLICE_X59Y87         LUT4 (Prop_lut4_I0_O)        0.326     7.567 r  d_g1/hundreds0__14_carry_i_6/O
                         net (fo=1, routed)           0.000     7.567    d_g1/hundreds0__14_carry_i_6_n_0
    SLICE_X59Y87         CARRY4 (Prop_carry4_S[1]_CO[3])
                                                      0.550     8.117 r  d_g1/hundreds0__14_carry/CO[3]
                         net (fo=1, routed)           0.000     8.117    d_g1/hundreds0__14_carry_n_0
    SLICE_X59Y88         CARRY4 (Prop_carry4_CI_CO[3])
                                                      0.114     8.231 r  d_g1/hundreds0__14_carry__0/CO[3]
                         net (fo=3, routed)           1.130     9.361    d_g1/hundreds0__14_carry__0_n_0
    SLICE_X61Y87         LUT6 (Prop_lut6_I0_O)        0.124     9.485 r  d_g1/seg_OBUF[6]_inst_i_21/O
                         net (fo=2, routed)           0.544    10.029    d_g1/counter_reg[9]
    SLICE_X59Y86         LUT6 (Prop_lut6_I2_O)        0.124    10.153 f  d_g1/seg_OBUF[6]_inst_i_15/O
                         net (fo=1, routed)           0.423    10.575    d_g1/seg_OBUF[6]_inst_i_15_n_0
    SLICE_X60Y85         LUT6 (Prop_lut6_I4_O)        0.124    10.699 r  d_g1/seg_OBUF[6]_inst_i_5/O
                         net (fo=7, routed)           1.070    11.770    s_s1/seg[3]
    SLICE_X62Y85         LUT4 (Prop_lut4_I3_O)        0.124    11.894 r  s_s1/seg_OBUF[6]_inst_i_1/O
                         net (fo=1, routed)           4.381    16.274    seg_OBUF[6]
    U7                   OBUF (Prop_obuf_I_O)         3.531    19.806 r  seg_OBUF[6]_inst/O
                         net (fo=0)                   0.000    19.806    seg[6]
    U7                                                                r  seg[6] (OUT)
  -------------------------------------------------------------------    -------------------

Slack:                    inf
  Source:                 counter_reg[5]/C
                            (rising edge-triggered cell FDRE)
  Destination:            seg[4]
                            (output port)
  Path Group:             (none)
  Path Type:              Max at Slow Process Corner
  Data Path Delay:        19.765ns  (logic 7.381ns (37.343%)  route 12.384ns (62.657%))
  Logic Levels:           15  (CARRY4=4 FDRE=1 LUT2=2 LUT3=1 LUT4=2 LUT6=4 OBUF=1)

    Location             Delay type                Incr(ns)  Path(ns)    Netlist Resource(s)
  -------------------------------------------------------------------    -------------------
    SLICE_X59Y90         FDRE                         0.000     0.000 r  counter_reg[5]/C
    SLICE_X59Y90         FDRE (Prop_fdre_C_Q)         0.456     0.456 r  counter_reg[5]/Q
                         net (fo=17, routed)          1.016     1.472    d_g1/Q[5]
    SLICE_X60Y90         LUT6 (Prop_lut6_I2_O)        0.124     1.596 f  d_g1/hundreds0_carry__1_i_5/O
                         net (fo=6, routed)           0.476     2.072    d_g1/hundreds0_carry__1_i_5_n_0
    SLICE_X60Y90         LUT2 (Prop_lut2_I1_O)        0.150     2.222 r  d_g1/hundreds0_carry_i_5/O
                         net (fo=39, routed)          1.214     3.436    d_g1/hundreds0_carry_i_5_n_0
    SLICE_X63Y88         LUT3 (Prop_lut3_I2_O)        0.328     3.764 r  d_g1/hundreds0_carry__0_i_8/O
                         net (fo=1, routed)           0.000     3.764    d_g1/hundreds0_carry__0_i_8_n_0
    SLICE_X63Y88         CARRY4 (Prop_carry4_S[0]_CO[3])
                                                      0.532     4.296 r  d_g1/hundreds0_carry__0/CO[3]
                         net (fo=1, routed)           0.000     4.296    d_g1/hundreds0_carry__0_n_0
    SLICE_X63Y89         CARRY4 (Prop_carry4_CI_O[0])
                                                      0.222     4.518 r  d_g1/hundreds0_carry__1/O[0]
                         net (fo=16, routed)          1.537     6.055    d_g1/O[0]
    SLICE_X59Y87         LUT2 (Prop_lut2_I0_O)        0.327     6.382 r  d_g1/hundreds0__14_carry_i_3/O
                         net (fo=2, routed)           0.859     7.241    d_g1/hundreds0__14_carry_i_3_n_0
    SLICE_X59Y87         LUT4 (Prop_lut4_I0_O)        0.326     7.567 r  d_g1/hundreds0__14_carry_i_6/O
                         net (fo=1, routed)           0.000     7.567    d_g1/hundreds0__14_carry_i_6_n_0
    SLICE_X59Y87         CARRY4 (Prop_carry4_S[1]_CO[3])
                                                      0.550     8.117 r  d_g1/hundreds0__14_carry/CO[3]
                         net (fo=1, routed)           0.000     8.117    d_g1/hundreds0__14_carry_n_0
    SLICE_X59Y88         CARRY4 (Prop_carry4_CI_CO[3])
                                                      0.114     8.231 r  d_g1/hundreds0__14_carry__0/CO[3]
                         net (fo=3, routed)           1.130     9.361    d_g1/hundreds0__14_carry__0_n_0
    SLICE_X61Y87         LUT6 (Prop_lut6_I0_O)        0.124     9.485 r  d_g1/seg_OBUF[6]_inst_i_21/O
                         net (fo=2, routed)           0.544    10.029    d_g1/counter_reg[9]
    SLICE_X59Y86         LUT6 (Prop_lut6_I2_O)        0.124    10.153 f  d_g1/seg_OBUF[6]_inst_i_15/O
                         net (fo=1, routed)           0.423    10.575    d_g1/seg_OBUF[6]_inst_i_15_n_0
    SLICE_X60Y85         LUT6 (Prop_lut6_I4_O)        0.124    10.699 r  d_g1/seg_OBUF[6]_inst_i_5/O
                         net (fo=7, routed)           1.033    11.733    s_s1/seg[3]
    SLICE_X62Y85         LUT4 (Prop_lut4_I1_O)        0.152    11.885 r  s_s1/seg_OBUF[4]_inst_i_1/O
                         net (fo=1, routed)           4.153    16.037    seg_OBUF[4]
    U5                   OBUF (Prop_obuf_I_O)         3.728    19.765 r  seg_OBUF[4]_inst/O
                         net (fo=0)                   0.000    19.765    seg[4]
    U5                                                                r  seg[4] (OUT)
  -------------------------------------------------------------------    -------------------

Slack:                    inf
  Source:                 counter_reg[5]/C
                            (rising edge-triggered cell FDRE)
  Destination:            seg[5]
                            (output port)
  Path Group:             (none)
  Path Type:              Max at Slow Process Corner
  Data Path Delay:        19.631ns  (logic 7.129ns (36.317%)  route 12.502ns (63.683%))
  Logic Levels:           15  (CARRY4=4 FDRE=1 LUT2=2 LUT3=1 LUT4=2 LUT6=4 OBUF=1)

    Location             Delay type                Incr(ns)  Path(ns)    Netlist Resource(s)
  -------------------------------------------------------------------    -------------------
    SLICE_X59Y90         FDRE                         0.000     0.000 r  counter_reg[5]/C
    SLICE_X59Y90         FDRE (Prop_fdre_C_Q)         0.456     0.456 r  counter_reg[5]/Q
                         net (fo=17, routed)          1.016     1.472    d_g1/Q[5]
    SLICE_X60Y90         LUT6 (Prop_lut6_I2_O)        0.124     1.596 f  d_g1/hundreds0_carry__1_i_5/O
                         net (fo=6, routed)           0.476     2.072    d_g1/hundreds0_carry__1_i_5_n_0
    SLICE_X60Y90         LUT2 (Prop_lut2_I1_O)        0.150     2.222 r  d_g1/hundreds0_carry_i_5/O
                         net (fo=39, routed)          1.214     3.436    d_g1/hundreds0_carry_i_5_n_0
    SLICE_X63Y88         LUT3 (Prop_lut3_I2_O)        0.328     3.764 r  d_g1/hundreds0_carry__0_i_8/O
                         net (fo=1, routed)           0.000     3.764    d_g1/hundreds0_carry__0_i_8_n_0
    SLICE_X63Y88         CARRY4 (Prop_carry4_S[0]_CO[3])
                                                      0.532     4.296 r  d_g1/hundreds0_carry__0/CO[3]
                         net (fo=1, routed)           0.000     4.296    d_g1/hundreds0_carry__0_n_0
    SLICE_X63Y89         CARRY4 (Prop_carry4_CI_O[0])
                                                      0.222     4.518 r  d_g1/hundreds0_carry__1/O[0]
                         net (fo=16, routed)          1.537     6.055    d_g1/O[0]
    SLICE_X59Y87         LUT2 (Prop_lut2_I0_O)        0.327     6.382 r  d_g1/hundreds0__14_carry_i_3/O
                         net (fo=2, routed)           0.859     7.241    d_g1/hundreds0__14_carry_i_3_n_0
    SLICE_X59Y87         LUT4 (Prop_lut4_I0_O)        0.326     7.567 r  d_g1/hundreds0__14_carry_i_6/O
                         net (fo=1, routed)           0.000     7.567    d_g1/hundreds0__14_carry_i_6_n_0
    SLICE_X59Y87         CARRY4 (Prop_carry4_S[1]_CO[3])
                                                      0.550     8.117 r  d_g1/hundreds0__14_carry/CO[3]
                         net (fo=1, routed)           0.000     8.117    d_g1/hundreds0__14_carry_n_0
    SLICE_X59Y88         CARRY4 (Prop_carry4_CI_CO[3])
                                                      0.114     8.231 r  d_g1/hundreds0__14_carry__0/CO[3]
                         net (fo=3, routed)           1.130     9.361    d_g1/hundreds0__14_carry__0_n_0
    SLICE_X61Y87         LUT6 (Prop_lut6_I0_O)        0.124     9.485 r  d_g1/seg_OBUF[6]_inst_i_21/O
                         net (fo=2, routed)           0.544    10.029    d_g1/counter_reg[9]
    SLICE_X59Y86         LUT6 (Prop_lut6_I2_O)        0.124    10.153 f  d_g1/seg_OBUF[6]_inst_i_15/O
                         net (fo=1, routed)           0.423    10.575    d_g1/seg_OBUF[6]_inst_i_15_n_0
    SLICE_X60Y85         LUT6 (Prop_lut6_I4_O)        0.124    10.699 r  d_g1/seg_OBUF[6]_inst_i_5/O
                         net (fo=7, routed)           1.077    11.777    s_s1/seg[3]
    SLICE_X62Y85         LUT4 (Prop_lut4_I2_O)        0.124    11.901 r  s_s1/seg_OBUF[5]_inst_i_1/O
                         net (fo=1, routed)           4.226    16.127    seg_OBUF[5]
    V5                   OBUF (Prop_obuf_I_O)         3.504    19.631 r  seg_OBUF[5]_inst/O
                         net (fo=0)                   0.000    19.631    seg[5]
    V5                                                                r  seg[5] (OUT)
  -------------------------------------------------------------------    -------------------

Slack:                    inf
  Source:                 counter_reg[5]/C
                            (rising edge-triggered cell FDRE)
  Destination:            seg[0]
                            (output port)
  Path Group:             (none)
  Path Type:              Max at Slow Process Corner
  Data Path Delay:        19.570ns  (logic 7.368ns (37.647%)  route 12.203ns (62.353%))
  Logic Levels:           15  (CARRY4=4 FDRE=1 LUT2=2 LUT3=1 LUT4=2 LUT6=4 OBUF=1)

    Location             Delay type                Incr(ns)  Path(ns)    Netlist Resource(s)
  -------------------------------------------------------------------    -------------------
    SLICE_X59Y90         FDRE                         0.000     0.000 r  counter_reg[5]/C
    SLICE_X59Y90         FDRE (Prop_fdre_C_Q)         0.456     0.456 r  counter_reg[5]/Q
                         net (fo=17, routed)          1.016     1.472    d_g1/Q[5]
    SLICE_X60Y90         LUT6 (Prop_lut6_I2_O)        0.124     1.596 f  d_g1/hundreds0_carry__1_i_5/O
                         net (fo=6, routed)           0.476     2.072    d_g1/hundreds0_carry__1_i_5_n_0
    SLICE_X60Y90         LUT2 (Prop_lut2_I1_O)        0.150     2.222 r  d_g1/hundreds0_carry_i_5/O
                         net (fo=39, routed)          1.214     3.436    d_g1/hundreds0_carry_i_5_n_0
    SLICE_X63Y88         LUT3 (Prop_lut3_I2_O)        0.328     3.764 r  d_g1/hundreds0_carry__0_i_8/O
                         net (fo=1, routed)           0.000     3.764    d_g1/hundreds0_carry__0_i_8_n_0
    SLICE_X63Y88         CARRY4 (Prop_carry4_S[0]_CO[3])
                                                      0.532     4.296 r  d_g1/hundreds0_carry__0/CO[3]
                         net (fo=1, routed)           0.000     4.296    d_g1/hundreds0_carry__0_n_0
    SLICE_X63Y89         CARRY4 (Prop_carry4_CI_O[0])
                                                      0.222     4.518 r  d_g1/hundreds0_carry__1/O[0]
                         net (fo=16, routed)          1.537     6.055    d_g1/O[0]
    SLICE_X59Y87         LUT2 (Prop_lut2_I0_O)        0.327     6.382 r  d_g1/hundreds0__14_carry_i_3/O
                         net (fo=2, routed)           0.859     7.241    d_g1/hundreds0__14_carry_i_3_n_0
    SLICE_X59Y87         LUT4 (Prop_lut4_I0_O)        0.326     7.567 r  d_g1/hundreds0__14_carry_i_6/O
                         net (fo=1, routed)           0.000     7.567    d_g1/hundreds0__14_carry_i_6_n_0
    SLICE_X59Y87         CARRY4 (Prop_carry4_S[1]_CO[3])
                                                      0.550     8.117 r  d_g1/hundreds0__14_carry/CO[3]
                         net (fo=1, routed)           0.000     8.117    d_g1/hundreds0__14_carry_n_0
    SLICE_X59Y88         CARRY4 (Prop_carry4_CI_CO[3])
                                                      0.114     8.231 r  d_g1/hundreds0__14_carry__0/CO[3]
                         net (fo=3, routed)           1.130     9.361    d_g1/hundreds0__14_carry__0_n_0
    SLICE_X61Y87         LUT6 (Prop_lut6_I0_O)        0.124     9.485 r  d_g1/seg_OBUF[6]_inst_i_21/O
                         net (fo=2, routed)           0.544    10.029    d_g1/counter_reg[9]
    SLICE_X59Y86         LUT6 (Prop_lut6_I2_O)        0.124    10.153 f  d_g1/seg_OBUF[6]_inst_i_15/O
                         net (fo=1, routed)           0.423    10.575    d_g1/seg_OBUF[6]_inst_i_15_n_0
    SLICE_X60Y85         LUT6 (Prop_lut6_I4_O)        0.124    10.699 r  d_g1/seg_OBUF[6]_inst_i_5/O
                         net (fo=7, routed)           1.077    11.777    s_s1/seg[3]
    SLICE_X62Y85         LUT4 (Prop_lut4_I2_O)        0.153    11.930 r  s_s1/seg_OBUF[0]_inst_i_1/O
                         net (fo=1, routed)           3.927    15.857    seg_OBUF[0]
    W7                   OBUF (Prop_obuf_I_O)         3.714    19.570 r  seg_OBUF[0]_inst/O
                         net (fo=0)                   0.000    19.570    seg[0]
    W7                                                                r  seg[0] (OUT)
  -------------------------------------------------------------------    -------------------

Slack:                    inf
  Source:                 counter_reg[5]/C
                            (rising edge-triggered cell FDRE)
  Destination:            seg[3]
                            (output port)
  Path Group:             (none)
  Path Type:              Max at Slow Process Corner
  Data Path Delay:        19.446ns  (logic 7.391ns (38.006%)  route 12.055ns (61.994%))
  Logic Levels:           15  (CARRY4=4 FDRE=1 LUT2=2 LUT3=1 LUT4=2 LUT6=4 OBUF=1)

    Location             Delay type                Incr(ns)  Path(ns)    Netlist Resource(s)
  -------------------------------------------------------------------    -------------------
    SLICE_X59Y90         FDRE                         0.000     0.000 r  counter_reg[5]/C
    SLICE_X59Y90         FDRE (Prop_fdre_C_Q)         0.456     0.456 r  counter_reg[5]/Q
                         net (fo=17, routed)          1.016     1.472    d_g1/Q[5]
    SLICE_X60Y90         LUT6 (Prop_lut6_I2_O)        0.124     1.596 f  d_g1/hundreds0_carry__1_i_5/O
                         net (fo=6, routed)           0.476     2.072    d_g1/hundreds0_carry__1_i_5_n_0
    SLICE_X60Y90         LUT2 (Prop_lut2_I1_O)        0.150     2.222 r  d_g1/hundreds0_carry_i_5/O
                         net (fo=39, routed)          1.214     3.436    d_g1/hundreds0_carry_i_5_n_0
    SLICE_X63Y88         LUT3 (Prop_lut3_I2_O)        0.328     3.764 r  d_g1/hundreds0_carry__0_i_8/O
                         net (fo=1, routed)           0.000     3.764    d_g1/hundreds0_carry__0_i_8_n_0
    SLICE_X63Y88         CARRY4 (Prop_carry4_S[0]_CO[3])
                                                      0.532     4.296 r  d_g1/hundreds0_carry__0/CO[3]
                         net (fo=1, routed)           0.000     4.296    d_g1/hundreds0_carry__0_n_0
    SLICE_X63Y89         CARRY4 (Prop_carry4_CI_O[0])
                                                      0.222     4.518 r  d_g1/hundreds0_carry__1/O[0]
                         net (fo=16, routed)          1.537     6.055    d_g1/O[0]
    SLICE_X59Y87         LUT2 (Prop_lut2_I0_O)        0.327     6.382 r  d_g1/hundreds0__14_carry_i_3/O
                         net (fo=2, routed)           0.859     7.241    d_g1/hundreds0__14_carry_i_3_n_0
    SLICE_X59Y87         LUT4 (Prop_lut4_I0_O)        0.326     7.567 r  d_g1/hundreds0__14_carry_i_6/O
                         net (fo=1, routed)           0.000     7.567    d_g1/hundreds0__14_carry_i_6_n_0
    SLICE_X59Y87         CARRY4 (Prop_carry4_S[1]_CO[3])
                                                      0.550     8.117 r  d_g1/hundreds0__14_carry/CO[3]
                         net (fo=1, routed)           0.000     8.117    d_g1/hundreds0__14_carry_n_0
    SLICE_X59Y88         CARRY4 (Prop_carry4_CI_CO[3])
                                                      0.114     8.231 r  d_g1/hundreds0__14_carry__0/CO[3]
                         net (fo=3, routed)           1.130     9.361    d_g1/hundreds0__14_carry__0_n_0
    SLICE_X61Y87         LUT6 (Prop_lut6_I0_O)        0.124     9.485 r  d_g1/seg_OBUF[6]_inst_i_21/O
                         net (fo=2, routed)           0.544    10.029    d_g1/counter_reg[9]
    SLICE_X59Y86         LUT6 (Prop_lut6_I2_O)        0.124    10.153 f  d_g1/seg_OBUF[6]_inst_i_15/O
                         net (fo=1, routed)           0.423    10.575    d_g1/seg_OBUF[6]_inst_i_15_n_0
    SLICE_X60Y85         LUT6 (Prop_lut6_I4_O)        0.124    10.699 r  d_g1/seg_OBUF[6]_inst_i_5/O
                         net (fo=7, routed)           1.030    11.730    s_s1/seg[3]
    SLICE_X62Y85         LUT4 (Prop_lut4_I3_O)        0.152    11.882 r  s_s1/seg_OBUF[3]_inst_i_1/O
                         net (fo=1, routed)           3.827    15.708    seg_OBUF[3]
    V8                   OBUF (Prop_obuf_I_O)         3.738    19.446 r  seg_OBUF[3]_inst/O
                         net (fo=0)                   0.000    19.446    seg[3]
    V8                                                                r  seg[3] (OUT)
  -------------------------------------------------------------------    -------------------

Slack:                    inf
  Source:                 counter_reg[5]/C
                            (rising edge-triggered cell FDRE)
  Destination:            seg[2]
                            (output port)
  Path Group:             (none)
  Path Type:              Max at Slow Process Corner
  Data Path Delay:        19.210ns  (logic 7.160ns (37.274%)  route 12.050ns (62.726%))
  Logic Levels:           15  (CARRY4=4 FDRE=1 LUT2=2 LUT3=1 LUT4=2 LUT6=4 OBUF=1)

    Location             Delay type                Incr(ns)  Path(ns)    Netlist Resource(s)
  -------------------------------------------------------------------    -------------------
    SLICE_X59Y90         FDRE                         0.000     0.000 r  counter_reg[5]/C
    SLICE_X59Y90         FDRE (Prop_fdre_C_Q)         0.456     0.456 r  counter_reg[5]/Q
                         net (fo=17, routed)          1.016     1.472    d_g1/Q[5]
    SLICE_X60Y90         LUT6 (Prop_lut6_I2_O)        0.124     1.596 f  d_g1/hundreds0_carry__1_i_5/O
                         net (fo=6, routed)           0.476     2.072    d_g1/hundreds0_carry__1_i_5_n_0
    SLICE_X60Y90         LUT2 (Prop_lut2_I1_O)        0.150     2.222 r  d_g1/hundreds0_carry_i_5/O
                         net (fo=39, routed)          1.214     3.436    d_g1/hundreds0_carry_i_5_n_0
    SLICE_X63Y88         LUT3 (Prop_lut3_I2_O)        0.328     3.764 r  d_g1/hundreds0_carry__0_i_8/O
                         net (fo=1, routed)           0.000     3.764    d_g1/hundreds0_carry__0_i_8_n_0
    SLICE_X63Y88         CARRY4 (Prop_carry4_S[0]_CO[3])
                                                      0.532     4.296 r  d_g1/hundreds0_carry__0/CO[3]
                         net (fo=1, routed)           0.000     4.296    d_g1/hundreds0_carry__0_n_0
    SLICE_X63Y89         CARRY4 (Prop_carry4_CI_O[0])
                                                      0.222     4.518 r  d_g1/hundreds0_carry__1/O[0]
                         net (fo=16, routed)          1.537     6.055    d_g1/O[0]
    SLICE_X59Y87         LUT2 (Prop_lut2_I0_O)        0.327     6.382 r  d_g1/hundreds0__14_carry_i_3/O
                         net (fo=2, routed)           0.859     7.241    d_g1/hundreds0__14_carry_i_3_n_0
    SLICE_X59Y87         LUT4 (Prop_lut4_I0_O)        0.326     7.567 r  d_g1/hundreds0__14_carry_i_6/O
                         net (fo=1, routed)           0.000     7.567    d_g1/hundreds0__14_carry_i_6_n_0
    SLICE_X59Y87         CARRY4 (Prop_carry4_S[1]_CO[3])
                                                      0.550     8.117 r  d_g1/hundreds0__14_carry/CO[3]
                         net (fo=1, routed)           0.000     8.117    d_g1/hundreds0__14_carry_n_0
    SLICE_X59Y88         CARRY4 (Prop_carry4_CI_CO[3])
                                                      0.114     8.231 r  d_g1/hundreds0__14_carry__0/CO[3]
                         net (fo=3, routed)           1.130     9.361    d_g1/hundreds0__14_carry__0_n_0
    SLICE_X61Y87         LUT6 (Prop_lut6_I0_O)        0.124     9.485 r  d_g1/seg_OBUF[6]_inst_i_21/O
                         net (fo=2, routed)           0.544    10.029    d_g1/counter_reg[9]
    SLICE_X59Y86         LUT6 (Prop_lut6_I2_O)        0.124    10.153 f  d_g1/seg_OBUF[6]_inst_i_15/O
                         net (fo=1, routed)           0.423    10.575    d_g1/seg_OBUF[6]_inst_i_15_n_0
    SLICE_X60Y85         LUT6 (Prop_lut6_I4_O)        0.124    10.699 r  d_g1/seg_OBUF[6]_inst_i_5/O
                         net (fo=7, routed)           1.033    11.733    s_s1/seg[3]
    SLICE_X62Y85         LUT4 (Prop_lut4_I1_O)        0.124    11.857 r  s_s1/seg_OBUF[2]_inst_i_1/O
                         net (fo=1, routed)           3.818    15.675    seg_OBUF[2]
    U8                   OBUF (Prop_obuf_I_O)         3.535    19.210 r  seg_OBUF[2]_inst/O
                         net (fo=0)                   0.000    19.210    seg[2]
    U8                                                                r  seg[2] (OUT)
  -------------------------------------------------------------------    -------------------

Slack:                    inf
  Source:                 counter_reg[5]/C
                            (rising edge-triggered cell FDRE)
  Destination:            seg[1]
                            (output port)
  Path Group:             (none)
  Path Type:              Max at Slow Process Corner
  Data Path Delay:        18.678ns  (logic 7.154ns (38.302%)  route 11.524ns (61.698%))
  Logic Levels:           15  (CARRY4=4 FDRE=1 LUT2=2 LUT3=1 LUT4=2 LUT6=4 OBUF=1)

    Location             Delay type                Incr(ns)  Path(ns)    Netlist Resource(s)
  -------------------------------------------------------------------    -------------------
    SLICE_X59Y90         FDRE                         0.000     0.000 r  counter_reg[5]/C
    SLICE_X59Y90         FDRE (Prop_fdre_C_Q)         0.456     0.456 r  counter_reg[5]/Q
                         net (fo=17, routed)          1.016     1.472    d_g1/Q[5]
    SLICE_X60Y90         LUT6 (Prop_lut6_I2_O)        0.124     1.596 f  d_g1/hundreds0_carry__1_i_5/O
                         net (fo=6, routed)           0.476     2.072    d_g1/hundreds0_carry__1_i_5_n_0
    SLICE_X60Y90         LUT2 (Prop_lut2_I1_O)        0.150     2.222 r  d_g1/hundreds0_carry_i_5/O
                         net (fo=39, routed)          1.214     3.436    d_g1/hundreds0_carry_i_5_n_0
    SLICE_X63Y88         LUT3 (Prop_lut3_I2_O)        0.328     3.764 r  d_g1/hundreds0_carry__0_i_8/O
                         net (fo=1, routed)           0.000     3.764    d_g1/hundreds0_carry__0_i_8_n_0
    SLICE_X63Y88         CARRY4 (Prop_carry4_S[0]_CO[3])
                                                      0.532     4.296 r  d_g1/hundreds0_carry__0/CO[3]
                         net (fo=1, routed)           0.000     4.296    d_g1/hundreds0_carry__0_n_0
    SLICE_X63Y89         CARRY4 (Prop_carry4_CI_O[0])
                                                      0.222     4.518 r  d_g1/hundreds0_carry__1/O[0]
                         net (fo=16, routed)          1.537     6.055    d_g1/O[0]
    SLICE_X59Y87         LUT2 (Prop_lut2_I0_O)        0.327     6.382 r  d_g1/hundreds0__14_carry_i_3/O
                         net (fo=2, routed)           0.859     7.241    d_g1/hundreds0__14_carry_i_3_n_0
    SLICE_X59Y87         LUT4 (Prop_lut4_I0_O)        0.326     7.567 r  d_g1/hundreds0__14_carry_i_6/O
                         net (fo=1, routed)           0.000     7.567    d_g1/hundreds0__14_carry_i_6_n_0
    SLICE_X59Y87         CARRY4 (Prop_carry4_S[1]_CO[3])
                                                      0.550     8.117 r  d_g1/hundreds0__14_carry/CO[3]
                         net (fo=1, routed)           0.000     8.117    d_g1/hundreds0__14_carry_n_0
    SLICE_X59Y88         CARRY4 (Prop_carry4_CI_CO[3])
                                                      0.114     8.231 r  d_g1/hundreds0__14_carry__0/CO[3]
                         net (fo=3, routed)           1.130     9.361    d_g1/hundreds0__14_carry__0_n_0
    SLICE_X61Y87         LUT6 (Prop_lut6_I0_O)        0.124     9.485 r  d_g1/seg_OBUF[6]_inst_i_21/O
                         net (fo=2, routed)           0.544    10.029    d_g1/counter_reg[9]
    SLICE_X59Y86         LUT6 (Prop_lut6_I2_O)        0.124    10.153 f  d_g1/seg_OBUF[6]_inst_i_15/O
                         net (fo=1, routed)           0.423    10.575    d_g1/seg_OBUF[6]_inst_i_15_n_0
    SLICE_X60Y85         LUT6 (Prop_lut6_I4_O)        0.124    10.699 r  d_g1/seg_OBUF[6]_inst_i_5/O
                         net (fo=7, routed)           1.030    11.730    s_s1/seg[3]
    SLICE_X62Y85         LUT4 (Prop_lut4_I1_O)        0.124    11.854 r  s_s1/seg_OBUF[1]_inst_i_1/O
                         net (fo=1, routed)           3.295    15.149    seg_OBUF[1]
    W6                   OBUF (Prop_obuf_I_O)         3.529    18.678 r  seg_OBUF[1]_inst/O
                         net (fo=0)                   0.000    18.678    seg[1]
    W6                                                                r  seg[1] (OUT)
  -------------------------------------------------------------------    -------------------

Slack:                    inf
  Source:                 c1/uart_tx_115200/tx_busy_reg/C
                            (rising edge-triggered cell FDRE)
  Destination:            tx_busy
                            (output port)
  Path Group:             (none)
  Path Type:              Max at Slow Process Corner
  Data Path Delay:        10.059ns  (logic 4.144ns (41.196%)  route 5.915ns (58.804%))
  Logic Levels:           3  (BUFG=1 FDRE=1 OBUF=1)

    Location             Delay type                Incr(ns)  Path(ns)    Netlist Resource(s)
  -------------------------------------------------------------------    -------------------
    SLICE_X60Y92         FDRE                         0.000     0.000 r  c1/uart_tx_115200/tx_busy_reg/C
    SLICE_X60Y92         FDRE (Prop_fdre_C_Q)         0.518     0.518 r  c1/uart_tx_115200/tx_busy_reg/Q
                         net (fo=4, routed)           2.974     3.492    tx_busy_OBUF
    BUFGCTRL_X0Y0        BUFG (Prop_bufg_I_O)         0.096     3.588 r  tx_busy_OBUF_BUFG_inst/O
                         net (fo=35, routed)          2.941     6.529    tx_busy_OBUF_BUFG
    E19                  OBUF (Prop_obuf_I_O)         3.530    10.059 r  tx_busy_OBUF_inst/O
                         net (fo=0)                   0.000    10.059    tx_busy
    E19                                                               r  tx_busy (OUT)
  -------------------------------------------------------------------    -------------------

Slack:                    inf
  Source:                 gps_l1ca_g2_2/out_reg/C
                            (rising edge-triggered cell FDRE)
  Destination:            LED[1]
                            (output port)
  Path Group:             (none)
  Path Type:              Max at Slow Process Corner
  Data Path Delay:        8.574ns  (logic 4.318ns (50.358%)  route 4.256ns (49.642%))
  Logic Levels:           3  (FDRE=1 LUT3=1 OBUF=1)

    Location             Delay type                Incr(ns)  Path(ns)    Netlist Resource(s)
  -------------------------------------------------------------------    -------------------
    SLICE_X65Y90         FDRE                         0.000     0.000 r  gps_l1ca_g2_2/out_reg/C
    SLICE_X65Y90         FDRE (Prop_fdre_C_Q)         0.456     0.456 r  gps_l1ca_g2_2/out_reg/Q
                         net (fo=2, routed)           0.631     1.087    gps_l1ca_g2_1/g2_2
    SLICE_X65Y90         LUT3 (Prop_lut3_I2_O)        0.150     1.237 r  gps_l1ca_g2_1/LED_OBUF[1]_inst_i_1/O
                         net (fo=1, routed)           3.625     4.862    LED_OBUF[1]
    U3                   OBUF (Prop_obuf_I_O)         3.712     8.574 r  LED_OBUF[1]_inst/O
                         net (fo=0)                   0.000     8.574    LED[1]
    U3                                                                r  LED[1] (OUT)
  -------------------------------------------------------------------    -------------------

Slack:                    inf
  Source:                 c1/uart_tx_115200/tx_reg/C
                            (rising edge-triggered cell FDSE)
  Destination:            tx
                            (output port)
  Path Group:             (none)
  Path Type:              Max at Slow Process Corner
  Data Path Delay:        8.112ns  (logic 3.974ns (48.987%)  route 4.138ns (51.013%))
  Logic Levels:           2  (FDSE=1 OBUF=1)

    Location             Delay type                Incr(ns)  Path(ns)    Netlist Resource(s)
  -------------------------------------------------------------------    -------------------
    SLICE_X61Y94         FDSE                         0.000     0.000 r  c1/uart_tx_115200/tx_reg/C
    SLICE_X61Y94         FDSE (Prop_fdse_C_Q)         0.456     0.456 r  c1/uart_tx_115200/tx_reg/Q
                         net (fo=1, routed)           4.138     4.594    tx_OBUF
    A18                  OBUF (Prop_obuf_I_O)         3.518     8.112 r  tx_OBUF_inst/O
                         net (fo=0)                   0.000     8.112    tx
    A18                                                               r  tx (OUT)
  -------------------------------------------------------------------    -------------------





Min Delay Paths
--------------------------------------------------------------------------------------
Slack:                    inf
  Source:                 gps_l1ca_g2_1_uart/shift_reg_reg[3]/C
                            (rising edge-triggered cell FDSE)
  Destination:            gps_l1ca_g2_1_uart/shift_reg_reg[4]/D
  Path Group:             (none)
  Path Type:              Min at Fast Process Corner
  Data Path Delay:        0.189ns  (logic 0.128ns (67.800%)  route 0.061ns (32.200%))
  Logic Levels:           1  (FDSE=1)

    Location             Delay type                Incr(ns)  Path(ns)    Netlist Resource(s)
  -------------------------------------------------------------------    -------------------
    SLICE_X62Y92         FDSE                         0.000     0.000 r  gps_l1ca_g2_1_uart/shift_reg_reg[3]/C
    SLICE_X62Y92         FDSE (Prop_fdse_C_Q)         0.128     0.128 r  gps_l1ca_g2_1_uart/shift_reg_reg[3]/Q
                         net (fo=1, routed)           0.061     0.189    gps_l1ca_g2_1_uart/shift_reg_reg_n_0_[3]
    SLICE_X62Y92         FDSE                                         r  gps_l1ca_g2_1_uart/shift_reg_reg[4]/D
  -------------------------------------------------------------------    -------------------

Slack:                    inf
  Source:                 gln_l1of/shift_reg_reg[6]/C
                            (rising edge-triggered cell FDSE)
  Destination:            gln_l1of/shift_reg_reg[7]/D
  Path Group:             (none)
  Path Type:              Min at Fast Process Corner
  Data Path Delay:        0.196ns  (logic 0.128ns (65.456%)  route 0.068ns (34.544%))
  Logic Levels:           1  (FDSE=1)

    Location             Delay type                Incr(ns)  Path(ns)    Netlist Resource(s)
  -------------------------------------------------------------------    -------------------
    SLICE_X65Y89         FDSE                         0.000     0.000 r  gln_l1of/shift_reg_reg[6]/C
    SLICE_X65Y89         FDSE (Prop_fdse_C_Q)         0.128     0.128 r  gln_l1of/shift_reg_reg[6]/Q
                         net (fo=2, routed)           0.068     0.196    gln_l1of/shift_reg_reg_n_0_[6]
    SLICE_X65Y89         FDSE                                         r  gln_l1of/shift_reg_reg[7]/D
  -------------------------------------------------------------------    -------------------

Slack:                    inf
  Source:                 gps_l1ca_g2_2/shift_reg_reg[1]/C
                            (rising edge-triggered cell FDSE)
  Destination:            gps_l1ca_g2_2/shift_reg_reg[2]/D
  Path Group:             (none)
  Path Type:              Min at Fast Process Corner
  Data Path Delay:        0.196ns  (logic 0.128ns (65.367%)  route 0.068ns (34.633%))
  Logic Levels:           1  (FDSE=1)

    Location             Delay type                Incr(ns)  Path(ns)    Netlist Resource(s)
  -------------------------------------------------------------------    -------------------
    SLICE_X61Y91         FDSE                         0.000     0.000 r  gps_l1ca_g2_2/shift_reg_reg[1]/C
    SLICE_X61Y91         FDSE (Prop_fdse_C_Q)         0.128     0.128 r  gps_l1ca_g2_2/shift_reg_reg[1]/Q
                         net (fo=2, routed)           0.068     0.196    gps_l1ca_g2_2/shift_reg_reg_n_0_[1]
    SLICE_X61Y91         FDSE                                         r  gps_l1ca_g2_2/shift_reg_reg[2]/D
  -------------------------------------------------------------------    -------------------

Slack:                    inf
  Source:                 gps_l1ca_g2_2_uart/shift_reg_reg[1]/C
                            (rising edge-triggered cell FDSE)
  Destination:            gps_l1ca_g2_2_uart/shift_reg_reg[2]/D
  Path Group:             (none)
  Path Type:              Min at Fast Process Corner
  Data Path Delay:        0.196ns  (logic 0.128ns (65.367%)  route 0.068ns (34.633%))
  Logic Levels:           1  (FDSE=1)

    Location             Delay type                Incr(ns)  Path(ns)    Netlist Resource(s)
  -------------------------------------------------------------------    -------------------
    SLICE_X63Y91         FDSE                         0.000     0.000 r  gps_l1ca_g2_2_uart/shift_reg_reg[1]/C
    SLICE_X63Y91         FDSE (Prop_fdse_C_Q)         0.128     0.128 r  gps_l1ca_g2_2_uart/shift_reg_reg[1]/Q
                         net (fo=2, routed)           0.068     0.196    gps_l1ca_g2_2_uart/shift_reg_reg_n_0_[1]
    SLICE_X63Y91         FDSE                                         r  gps_l1ca_g2_2_uart/shift_reg_reg[2]/D
  -------------------------------------------------------------------    -------------------

Slack:                    inf
  Source:                 gps_l1ca_g2_2/shift_reg_reg[0]/C
                            (rising edge-triggered cell FDSE)
  Destination:            gps_l1ca_g2_2/shift_reg_reg[1]/D
  Path Group:             (none)
  Path Type:              Min at Fast Process Corner
  Data Path Delay:        0.197ns  (logic 0.141ns (71.611%)  route 0.056ns (28.389%))
  Logic Levels:           1  (FDSE=1)

    Location             Delay type                Incr(ns)  Path(ns)    Netlist Resource(s)
  -------------------------------------------------------------------    -------------------
    SLICE_X61Y91         FDSE                         0.000     0.000 r  gps_l1ca_g2_2/shift_reg_reg[0]/C
    SLICE_X61Y91         FDSE (Prop_fdse_C_Q)         0.141     0.141 r  gps_l1ca_g2_2/shift_reg_reg[0]/Q
                         net (fo=1, routed)           0.056     0.197    gps_l1ca_g2_2/shift_reg_reg_n_0_[0]
    SLICE_X61Y91         FDSE                                         r  gps_l1ca_g2_2/shift_reg_reg[1]/D
  -------------------------------------------------------------------    -------------------

Slack:                    inf
  Source:                 gps_l1ca_g2_2_uart/shift_reg_reg[0]/C
                            (rising edge-triggered cell FDSE)
  Destination:            gps_l1ca_g2_2_uart/shift_reg_reg[1]/D
  Path Group:             (none)
  Path Type:              Min at Fast Process Corner
  Data Path Delay:        0.197ns  (logic 0.141ns (71.611%)  route 0.056ns (28.389%))
  Logic Levels:           1  (FDSE=1)

    Location             Delay type                Incr(ns)  Path(ns)    Netlist Resource(s)
  -------------------------------------------------------------------    -------------------
    SLICE_X63Y91         FDSE                         0.000     0.000 r  gps_l1ca_g2_2_uart/shift_reg_reg[0]/C
    SLICE_X63Y91         FDSE (Prop_fdse_C_Q)         0.141     0.141 r  gps_l1ca_g2_2_uart/shift_reg_reg[0]/Q
                         net (fo=1, routed)           0.056     0.197    gps_l1ca_g2_2_uart/shift_reg_reg_n_0_[0]
    SLICE_X63Y91         FDSE                                         r  gps_l1ca_g2_2_uart/shift_reg_reg[1]/D
  -------------------------------------------------------------------    -------------------

Slack:                    inf
  Source:                 gps_l1ca_g1_uart/shift_reg_reg[3]/C
                            (rising edge-triggered cell FDSE)
  Destination:            gps_l1ca_g1_uart/shift_reg_reg[4]/D
  Path Group:             (none)
  Path Type:              Min at Fast Process Corner
  Data Path Delay:        0.205ns  (logic 0.148ns (72.105%)  route 0.057ns (27.895%))
  Logic Levels:           1  (FDSE=1)

    Location             Delay type                Incr(ns)  Path(ns)    Netlist Resource(s)
  -------------------------------------------------------------------    -------------------
    SLICE_X64Y92         FDSE                         0.000     0.000 r  gps_l1ca_g1_uart/shift_reg_reg[3]/C
    SLICE_X64Y92         FDSE (Prop_fdse_C_Q)         0.148     0.148 r  gps_l1ca_g1_uart/shift_reg_reg[3]/Q
                         net (fo=1, routed)           0.057     0.205    gps_l1ca_g1_uart/shift_reg_reg_n_0_[3]
    SLICE_X64Y92         FDSE                                         r  gps_l1ca_g1_uart/shift_reg_reg[4]/D
  -------------------------------------------------------------------    -------------------

Slack:                    inf
  Source:                 gps_l1ca_g1/shift_reg_reg[0]/C
                            (rising edge-triggered cell FDSE)
  Destination:            gps_l1ca_g1/shift_reg_reg[1]/D
  Path Group:             (none)
  Path Type:              Min at Fast Process Corner
  Data Path Delay:        0.220ns  (logic 0.164ns (74.580%)  route 0.056ns (25.420%))
  Logic Levels:           1  (FDSE=1)

    Location             Delay type                Incr(ns)  Path(ns)    Netlist Resource(s)
  -------------------------------------------------------------------    -------------------
    SLICE_X64Y93         FDSE                         0.000     0.000 r  gps_l1ca_g1/shift_reg_reg[0]/C
    SLICE_X64Y93         FDSE (Prop_fdse_C_Q)         0.164     0.164 r  gps_l1ca_g1/shift_reg_reg[0]/Q
                         net (fo=1, routed)           0.056     0.220    gps_l1ca_g1/shift_reg_reg_n_0_[0]
    SLICE_X64Y93         FDSE                                         r  gps_l1ca_g1/shift_reg_reg[1]/D
  -------------------------------------------------------------------    -------------------

Slack:                    inf
  Source:                 gln_l1of/shift_reg_reg[4]/C
                            (rising edge-triggered cell FDSE)
  Destination:            gln_l1of/shift_reg_reg[5]/D
  Path Group:             (none)
  Path Type:              Min at Fast Process Corner
  Data Path Delay:        0.231ns  (logic 0.164ns (70.995%)  route 0.067ns (29.005%))
  Logic Levels:           1  (FDSE=1)

    Location             Delay type                Incr(ns)  Path(ns)    Netlist Resource(s)
  -------------------------------------------------------------------    -------------------
    SLICE_X64Y90         FDSE                         0.000     0.000 r  gln_l1of/shift_reg_reg[4]/C
    SLICE_X64Y90         FDSE (Prop_fdse_C_Q)         0.164     0.164 r  gln_l1of/shift_reg_reg[4]/Q
                         net (fo=2, routed)           0.067     0.231    gln_l1of/shift_reg1[4]
    SLICE_X64Y90         FDSE                                         r  gln_l1of/shift_reg_reg[5]/D
  -------------------------------------------------------------------    -------------------

Slack:                    inf
  Source:                 gps_l1ca_g2_2/shift_reg_reg[3]/C
                            (rising edge-triggered cell FDSE)
  Destination:            gps_l1ca_g2_2/shift_reg_reg[4]/D
  Path Group:             (none)
  Path Type:              Min at Fast Process Corner
  Data Path Delay:        0.253ns  (logic 0.141ns (55.648%)  route 0.112ns (44.352%))
  Logic Levels:           1  (FDSE=1)

    Location             Delay type                Incr(ns)  Path(ns)    Netlist Resource(s)
  -------------------------------------------------------------------    -------------------
    SLICE_X61Y91         FDSE                         0.000     0.000 r  gps_l1ca_g2_2/shift_reg_reg[3]/C
    SLICE_X61Y91         FDSE (Prop_fdse_C_Q)         0.141     0.141 r  gps_l1ca_g2_2/shift_reg_reg[3]/Q
                         net (fo=1, routed)           0.112     0.253    gps_l1ca_g2_2/shift_reg_reg_n_0_[3]
    SLICE_X61Y91         FDSE                                         r  gps_l1ca_g2_2/shift_reg_reg[4]/D
  -------------------------------------------------------------------    -------------------





--------------------------------------------------------------------------------------
Path Group:  (none)
From Clock:  main_clk
  To Clock:  

Max Delay            83 Endpoints
Min Delay            83 Endpoints
--------------------------------------------------------------------------------------


Max Delay Paths
--------------------------------------------------------------------------------------
Slack:                    inf
  Source:                 rst_reg/C
                            (rising edge-triggered cell FDRE clocked by main_clk  {rise@0.000ns fall@5.000ns period=10.000ns})
  Destination:            LED_RST
                            (output port)
  Path Group:             (none)
  Path Type:              Max at Slow Process Corner
  Data Path Delay:        5.679ns  (logic 3.977ns (70.041%)  route 1.701ns (29.959%))
  Logic Levels:           1  (OBUF=1)
  Clock Uncertainty:      0.025ns  ((TSJ^2 + TIJ^2)^1/2 + DJ) / 2 + PE
    Total System Jitter     (TSJ):    0.050ns
    Total Input Jitter      (TIJ):    0.000ns
    Discrete Jitter          (DJ):    0.000ns
    Phase Error              (PE):    0.000ns

    Location             Delay type                Incr(ns)  Path(ns)    Netlist Resource(s)
  -------------------------------------------------------------------    -------------------
                         (clock main_clk rise edge)
                                                      0.000     0.000 r  
    W5                                                0.000     0.000 r  clk (IN)
                         net (fo=0)                   0.000     0.000    clk
    W5                   IBUF (Prop_ibuf_I_O)         1.458     1.458 r  clk_IBUF_inst/O
                         net (fo=1, routed)           1.967     3.425    clk_IBUF
    BUFGCTRL_X0Y1        BUFG (Prop_bufg_I_O)         0.096     3.521 r  clk_IBUF_BUFG_inst/O
                         net (fo=68, routed)          1.623     5.144    clk_IBUF_BUFG
    SLICE_X65Y88         FDRE                                         r  rst_reg/C
  -------------------------------------------------------------------    -------------------
    SLICE_X65Y88         FDRE (Prop_fdre_C_Q)         0.456     5.600 r  rst_reg/Q
                         net (fo=10, routed)          1.701     7.301    LED_RST_OBUF
    L1                   OBUF (Prop_obuf_I_O)         3.521    10.823 r  LED_RST_OBUF_inst/O
                         net (fo=0)                   0.000    10.823    LED_RST
    L1                                                                r  LED_RST (OUT)
  -------------------------------------------------------------------    -------------------

Slack:                    inf
  Source:                 rst_reg/C
                            (rising edge-triggered cell FDRE clocked by main_clk  {rise@0.000ns fall@5.000ns period=10.000ns})
  Destination:            counter_reg[1]/R
  Path Group:             (none)
  Path Type:              Max at Slow Process Corner
  Data Path Delay:        3.619ns  (logic 0.606ns (16.743%)  route 3.013ns (83.257%))
  Logic Levels:           1  (LUT1=1)
  Clock Uncertainty:      0.025ns  ((TSJ^2 + TIJ^2)^1/2 + DJ) / 2 + PE
    Total System Jitter     (TSJ):    0.050ns
    Total Input Jitter      (TIJ):    0.000ns
    Discrete Jitter          (DJ):    0.000ns
    Phase Error              (PE):    0.000ns

    Location             Delay type                Incr(ns)  Path(ns)    Netlist Resource(s)
  -------------------------------------------------------------------    -------------------
                         (clock main_clk rise edge)
                                                      0.000     0.000 r  
    W5                                                0.000     0.000 r  clk (IN)
                         net (fo=0)                   0.000     0.000    clk
    W5                   IBUF (Prop_ibuf_I_O)         1.458     1.458 r  clk_IBUF_inst/O
                         net (fo=1, routed)           1.967     3.425    clk_IBUF
    BUFGCTRL_X0Y1        BUFG (Prop_bufg_I_O)         0.096     3.521 r  clk_IBUF_BUFG_inst/O
                         net (fo=68, routed)          1.623     5.144    clk_IBUF_BUFG
    SLICE_X65Y88         FDRE                                         r  rst_reg/C
  -------------------------------------------------------------------    -------------------
    SLICE_X65Y88         FDRE (Prop_fdre_C_Q)         0.456     5.600 f  rst_reg/Q
                         net (fo=10, routed)          0.658     6.258    gps_l1ca_g1/LED_RST_OBUF
    SLICE_X65Y87         LUT1 (Prop_lut1_I0_O)        0.150     6.408 r  gps_l1ca_g1/shift_reg[8]_i_1/O
                         net (fo=75, routed)          2.355     8.763    gps_l1ca_g1_n_1
    SLICE_X58Y87         FDRE                                         r  counter_reg[1]/R
  -------------------------------------------------------------------    -------------------

Slack:                    inf
  Source:                 rst_reg/C
                            (rising edge-triggered cell FDRE clocked by main_clk  {rise@0.000ns fall@5.000ns period=10.000ns})
  Destination:            counter_reg[2]/R
  Path Group:             (none)
  Path Type:              Max at Slow Process Corner
  Data Path Delay:        3.619ns  (logic 0.606ns (16.743%)  route 3.013ns (83.257%))
  Logic Levels:           1  (LUT1=1)
  Clock Uncertainty:      0.025ns  ((TSJ^2 + TIJ^2)^1/2 + DJ) / 2 + PE
    Total System Jitter     (TSJ):    0.050ns
    Total Input Jitter      (TIJ):    0.000ns
    Discrete Jitter          (DJ):    0.000ns
    Phase Error              (PE):    0.000ns

    Location             Delay type                Incr(ns)  Path(ns)    Netlist Resource(s)
  -------------------------------------------------------------------    -------------------
                         (clock main_clk rise edge)
                                                      0.000     0.000 r  
    W5                                                0.000     0.000 r  clk (IN)
                         net (fo=0)                   0.000     0.000    clk
    W5                   IBUF (Prop_ibuf_I_O)         1.458     1.458 r  clk_IBUF_inst/O
                         net (fo=1, routed)           1.967     3.425    clk_IBUF
    BUFGCTRL_X0Y1        BUFG (Prop_bufg_I_O)         0.096     3.521 r  clk_IBUF_BUFG_inst/O
                         net (fo=68, routed)          1.623     5.144    clk_IBUF_BUFG
    SLICE_X65Y88         FDRE                                         r  rst_reg/C
  -------------------------------------------------------------------    -------------------
    SLICE_X65Y88         FDRE (Prop_fdre_C_Q)         0.456     5.600 f  rst_reg/Q
                         net (fo=10, routed)          0.658     6.258    gps_l1ca_g1/LED_RST_OBUF
    SLICE_X65Y87         LUT1 (Prop_lut1_I0_O)        0.150     6.408 r  gps_l1ca_g1/shift_reg[8]_i_1/O
                         net (fo=75, routed)          2.355     8.763    gps_l1ca_g1_n_1
    SLICE_X58Y87         FDRE                                         r  counter_reg[2]/R
  -------------------------------------------------------------------    -------------------

Slack:                    inf
  Source:                 rst_reg/C
                            (rising edge-triggered cell FDRE clocked by main_clk  {rise@0.000ns fall@5.000ns period=10.000ns})
  Destination:            gps_l1ca_g1/shift_reg_reg_s_3/S
  Path Group:             (none)
  Path Type:              Max at Slow Process Corner
  Data Path Delay:        3.615ns  (logic 0.606ns (16.763%)  route 3.009ns (83.237%))
  Logic Levels:           1  (LUT1=1)
  Clock Uncertainty:      0.025ns  ((TSJ^2 + TIJ^2)^1/2 + DJ) / 2 + PE
    Total System Jitter     (TSJ):    0.050ns
    Total Input Jitter      (TIJ):    0.000ns
    Discrete Jitter          (DJ):    0.000ns
    Phase Error              (PE):    0.000ns

    Location             Delay type                Incr(ns)  Path(ns)    Netlist Resource(s)
  -------------------------------------------------------------------    -------------------
                         (clock main_clk rise edge)
                                                      0.000     0.000 r  
    W5                                                0.000     0.000 r  clk (IN)
                         net (fo=0)                   0.000     0.000    clk
    W5                   IBUF (Prop_ibuf_I_O)         1.458     1.458 r  clk_IBUF_inst/O
                         net (fo=1, routed)           1.967     3.425    clk_IBUF
    BUFGCTRL_X0Y1        BUFG (Prop_bufg_I_O)         0.096     3.521 r  clk_IBUF_BUFG_inst/O
                         net (fo=68, routed)          1.623     5.144    clk_IBUF_BUFG
    SLICE_X65Y88         FDRE                                         r  rst_reg/C
  -------------------------------------------------------------------    -------------------
    SLICE_X65Y88         FDRE (Prop_fdre_C_Q)         0.456     5.600 f  rst_reg/Q
                         net (fo=10, routed)          0.658     6.258    gps_l1ca_g1/LED_RST_OBUF
    SLICE_X65Y87         LUT1 (Prop_lut1_I0_O)        0.150     6.408 r  gps_l1ca_g1/shift_reg[8]_i_1/O
                         net (fo=75, routed)          2.351     8.759    gps_l1ca_g1/rst_reg
    SLICE_X59Y87         FDSE                                         r  gps_l1ca_g1/shift_reg_reg_s_3/S
  -------------------------------------------------------------------    -------------------

Slack:                    inf
  Source:                 rst_reg/C
                            (rising edge-triggered cell FDRE clocked by main_clk  {rise@0.000ns fall@5.000ns period=10.000ns})
  Destination:            gps_l1ca_g1/shift_reg_reg_s_4/S
  Path Group:             (none)
  Path Type:              Max at Slow Process Corner
  Data Path Delay:        3.615ns  (logic 0.606ns (16.763%)  route 3.009ns (83.237%))
  Logic Levels:           1  (LUT1=1)
  Clock Uncertainty:      0.025ns  ((TSJ^2 + TIJ^2)^1/2 + DJ) / 2 + PE
    Total System Jitter     (TSJ):    0.050ns
    Total Input Jitter      (TIJ):    0.000ns
    Discrete Jitter          (DJ):    0.000ns
    Phase Error              (PE):    0.000ns

    Location             Delay type                Incr(ns)  Path(ns)    Netlist Resource(s)
  -------------------------------------------------------------------    -------------------
                         (clock main_clk rise edge)
                                                      0.000     0.000 r  
    W5                                                0.000     0.000 r  clk (IN)
                         net (fo=0)                   0.000     0.000    clk
    W5                   IBUF (Prop_ibuf_I_O)         1.458     1.458 r  clk_IBUF_inst/O
                         net (fo=1, routed)           1.967     3.425    clk_IBUF
    BUFGCTRL_X0Y1        BUFG (Prop_bufg_I_O)         0.096     3.521 r  clk_IBUF_BUFG_inst/O
                         net (fo=68, routed)          1.623     5.144    clk_IBUF_BUFG
    SLICE_X65Y88         FDRE                                         r  rst_reg/C
  -------------------------------------------------------------------    -------------------
    SLICE_X65Y88         FDRE (Prop_fdre_C_Q)         0.456     5.600 f  rst_reg/Q
                         net (fo=10, routed)          0.658     6.258    gps_l1ca_g1/LED_RST_OBUF
    SLICE_X65Y87         LUT1 (Prop_lut1_I0_O)        0.150     6.408 r  gps_l1ca_g1/shift_reg[8]_i_1/O
                         net (fo=75, routed)          2.351     8.759    gps_l1ca_g1/rst_reg
    SLICE_X59Y87         FDSE                                         r  gps_l1ca_g1/shift_reg_reg_s_4/S
  -------------------------------------------------------------------    -------------------

Slack:                    inf
  Source:                 rst_reg/C
                            (rising edge-triggered cell FDRE clocked by main_clk  {rise@0.000ns fall@5.000ns period=10.000ns})
  Destination:            gps_l1ca_g2_2_uart/shift_reg_reg[3]/S
  Path Group:             (none)
  Path Type:              Max at Slow Process Corner
  Data Path Delay:        3.470ns  (logic 0.606ns (17.466%)  route 2.864ns (82.534%))
  Logic Levels:           1  (LUT1=1)
  Clock Uncertainty:      0.025ns  ((TSJ^2 + TIJ^2)^1/2 + DJ) / 2 + PE
    Total System Jitter     (TSJ):    0.050ns
    Total Input Jitter      (TIJ):    0.000ns
    Discrete Jitter          (DJ):    0.000ns
    Phase Error              (PE):    0.000ns

    Location             Delay type                Incr(ns)  Path(ns)    Netlist Resource(s)
  -------------------------------------------------------------------    -------------------
                         (clock main_clk rise edge)
                                                      0.000     0.000 r  
    W5                                                0.000     0.000 r  clk (IN)
                         net (fo=0)                   0.000     0.000    clk
    W5                   IBUF (Prop_ibuf_I_O)         1.458     1.458 r  clk_IBUF_inst/O
                         net (fo=1, routed)           1.967     3.425    clk_IBUF
    BUFGCTRL_X0Y1        BUFG (Prop_bufg_I_O)         0.096     3.521 r  clk_IBUF_BUFG_inst/O
                         net (fo=68, routed)          1.623     5.144    clk_IBUF_BUFG
    SLICE_X65Y88         FDRE                                         r  rst_reg/C
  -------------------------------------------------------------------    -------------------
    SLICE_X65Y88         FDRE (Prop_fdre_C_Q)         0.456     5.600 f  rst_reg/Q
                         net (fo=10, routed)          0.658     6.258    gps_l1ca_g1/LED_RST_OBUF
    SLICE_X65Y87         LUT1 (Prop_lut1_I0_O)        0.150     6.408 r  gps_l1ca_g1/shift_reg[8]_i_1/O
                         net (fo=75, routed)          2.205     8.613    gps_l1ca_g2_2_uart/shift_reg_reg[9]_0
    SLICE_X58Y88         FDSE                                         r  gps_l1ca_g2_2_uart/shift_reg_reg[3]/S
  -------------------------------------------------------------------    -------------------

Slack:                    inf
  Source:                 rst_reg/C
                            (rising edge-triggered cell FDRE clocked by main_clk  {rise@0.000ns fall@5.000ns period=10.000ns})
  Destination:            gps_l1ca_g2_2_uart/shift_reg_reg[4]/S
  Path Group:             (none)
  Path Type:              Max at Slow Process Corner
  Data Path Delay:        3.470ns  (logic 0.606ns (17.466%)  route 2.864ns (82.534%))
  Logic Levels:           1  (LUT1=1)
  Clock Uncertainty:      0.025ns  ((TSJ^2 + TIJ^2)^1/2 + DJ) / 2 + PE
    Total System Jitter     (TSJ):    0.050ns
    Total Input Jitter      (TIJ):    0.000ns
    Discrete Jitter          (DJ):    0.000ns
    Phase Error              (PE):    0.000ns

    Location             Delay type                Incr(ns)  Path(ns)    Netlist Resource(s)
  -------------------------------------------------------------------    -------------------
                         (clock main_clk rise edge)
                                                      0.000     0.000 r  
    W5                                                0.000     0.000 r  clk (IN)
                         net (fo=0)                   0.000     0.000    clk
    W5                   IBUF (Prop_ibuf_I_O)         1.458     1.458 r  clk_IBUF_inst/O
                         net (fo=1, routed)           1.967     3.425    clk_IBUF
    BUFGCTRL_X0Y1        BUFG (Prop_bufg_I_O)         0.096     3.521 r  clk_IBUF_BUFG_inst/O
                         net (fo=68, routed)          1.623     5.144    clk_IBUF_BUFG
    SLICE_X65Y88         FDRE                                         r  rst_reg/C
  -------------------------------------------------------------------    -------------------
    SLICE_X65Y88         FDRE (Prop_fdre_C_Q)         0.456     5.600 f  rst_reg/Q
                         net (fo=10, routed)          0.658     6.258    gps_l1ca_g1/LED_RST_OBUF
    SLICE_X65Y87         LUT1 (Prop_lut1_I0_O)        0.150     6.408 r  gps_l1ca_g1/shift_reg[8]_i_1/O
                         net (fo=75, routed)          2.205     8.613    gps_l1ca_g2_2_uart/shift_reg_reg[9]_0
    SLICE_X58Y88         FDSE                                         r  gps_l1ca_g2_2_uart/shift_reg_reg[4]/S
  -------------------------------------------------------------------    -------------------

Slack:                    inf
  Source:                 rst_reg/C
                            (rising edge-triggered cell FDRE clocked by main_clk  {rise@0.000ns fall@5.000ns period=10.000ns})
  Destination:            counter_reg[0]/R
  Path Group:             (none)
  Path Type:              Max at Slow Process Corner
  Data Path Delay:        3.263ns  (logic 0.606ns (18.575%)  route 2.657ns (81.425%))
  Logic Levels:           1  (LUT1=1)
  Clock Uncertainty:      0.025ns  ((TSJ^2 + TIJ^2)^1/2 + DJ) / 2 + PE
    Total System Jitter     (TSJ):    0.050ns
    Total Input Jitter      (TIJ):    0.000ns
    Discrete Jitter          (DJ):    0.000ns
    Phase Error              (PE):    0.000ns

    Location             Delay type                Incr(ns)  Path(ns)    Netlist Resource(s)
  -------------------------------------------------------------------    -------------------
                         (clock main_clk rise edge)
                                                      0.000     0.000 r  
    W5                                                0.000     0.000 r  clk (IN)
                         net (fo=0)                   0.000     0.000    clk
    W5                   IBUF (Prop_ibuf_I_O)         1.458     1.458 r  clk_IBUF_inst/O
                         net (fo=1, routed)           1.967     3.425    clk_IBUF
    BUFGCTRL_X0Y1        BUFG (Prop_bufg_I_O)         0.096     3.521 r  clk_IBUF_BUFG_inst/O
                         net (fo=68, routed)          1.623     5.144    clk_IBUF_BUFG
    SLICE_X65Y88         FDRE                                         r  rst_reg/C
  -------------------------------------------------------------------    -------------------
    SLICE_X65Y88         FDRE (Prop_fdre_C_Q)         0.456     5.600 f  rst_reg/Q
                         net (fo=10, routed)          0.658     6.258    gps_l1ca_g1/LED_RST_OBUF
    SLICE_X65Y87         LUT1 (Prop_lut1_I0_O)        0.150     6.408 r  gps_l1ca_g1/shift_reg[8]_i_1/O
                         net (fo=75, routed)          1.998     8.406    gps_l1ca_g1_n_1
    SLICE_X61Y88         FDRE                                         r  counter_reg[0]/R
  -------------------------------------------------------------------    -------------------

Slack:                    inf
  Source:                 rst_reg/C
                            (rising edge-triggered cell FDRE clocked by main_clk  {rise@0.000ns fall@5.000ns period=10.000ns})
  Destination:            counter_reg[6]/R
  Path Group:             (none)
  Path Type:              Max at Slow Process Corner
  Data Path Delay:        2.995ns  (logic 0.606ns (20.234%)  route 2.389ns (79.766%))
  Logic Levels:           1  (LUT1=1)
  Clock Uncertainty:      0.025ns  ((TSJ^2 + TIJ^2)^1/2 + DJ) / 2 + PE
    Total System Jitter     (TSJ):    0.050ns
    Total Input Jitter      (TIJ):    0.000ns
    Discrete Jitter          (DJ):    0.000ns
    Phase Error              (PE):    0.000ns

    Location             Delay type                Incr(ns)  Path(ns)    Netlist Resource(s)
  -------------------------------------------------------------------    -------------------
                         (clock main_clk rise edge)
                                                      0.000     0.000 r  
    W5                                                0.000     0.000 r  clk (IN)
                         net (fo=0)                   0.000     0.000    clk
    W5                   IBUF (Prop_ibuf_I_O)         1.458     1.458 r  clk_IBUF_inst/O
                         net (fo=1, routed)           1.967     3.425    clk_IBUF
    BUFGCTRL_X0Y1        BUFG (Prop_bufg_I_O)         0.096     3.521 r  clk_IBUF_BUFG_inst/O
                         net (fo=68, routed)          1.623     5.144    clk_IBUF_BUFG
    SLICE_X65Y88         FDRE                                         r  rst_reg/C
  -------------------------------------------------------------------    -------------------
    SLICE_X65Y88         FDRE (Prop_fdre_C_Q)         0.456     5.600 f  rst_reg/Q
                         net (fo=10, routed)          0.658     6.258    gps_l1ca_g1/LED_RST_OBUF
    SLICE_X65Y87         LUT1 (Prop_lut1_I0_O)        0.150     6.408 r  gps_l1ca_g1/shift_reg[8]_i_1/O
                         net (fo=75, routed)          1.730     8.139    gps_l1ca_g1_n_1
    SLICE_X60Y89         FDRE                                         r  counter_reg[6]/R
  -------------------------------------------------------------------    -------------------

Slack:                    inf
  Source:                 rst_reg/C
                            (rising edge-triggered cell FDRE clocked by main_clk  {rise@0.000ns fall@5.000ns period=10.000ns})
  Destination:            counter_reg[7]/R
  Path Group:             (none)
  Path Type:              Max at Slow Process Corner
  Data Path Delay:        2.995ns  (logic 0.606ns (20.234%)  route 2.389ns (79.766%))
  Logic Levels:           1  (LUT1=1)
  Clock Uncertainty:      0.025ns  ((TSJ^2 + TIJ^2)^1/2 + DJ) / 2 + PE
    Total System Jitter     (TSJ):    0.050ns
    Total Input Jitter      (TIJ):    0.000ns
    Discrete Jitter          (DJ):    0.000ns
    Phase Error              (PE):    0.000ns

    Location             Delay type                Incr(ns)  Path(ns)    Netlist Resource(s)
  -------------------------------------------------------------------    -------------------
                         (clock main_clk rise edge)
                                                      0.000     0.000 r  
    W5                                                0.000     0.000 r  clk (IN)
                         net (fo=0)                   0.000     0.000    clk
    W5                   IBUF (Prop_ibuf_I_O)         1.458     1.458 r  clk_IBUF_inst/O
                         net (fo=1, routed)           1.967     3.425    clk_IBUF
    BUFGCTRL_X0Y1        BUFG (Prop_bufg_I_O)         0.096     3.521 r  clk_IBUF_BUFG_inst/O
                         net (fo=68, routed)          1.623     5.144    clk_IBUF_BUFG
    SLICE_X65Y88         FDRE                                         r  rst_reg/C
  -------------------------------------------------------------------    -------------------
    SLICE_X65Y88         FDRE (Prop_fdre_C_Q)         0.456     5.600 f  rst_reg/Q
                         net (fo=10, routed)          0.658     6.258    gps_l1ca_g1/LED_RST_OBUF
    SLICE_X65Y87         LUT1 (Prop_lut1_I0_O)        0.150     6.408 r  gps_l1ca_g1/shift_reg[8]_i_1/O
                         net (fo=75, routed)          1.730     8.139    gps_l1ca_g1_n_1
    SLICE_X60Y89         FDRE                                         r  counter_reg[7]/R
  -------------------------------------------------------------------    -------------------





Min Delay Paths
--------------------------------------------------------------------------------------
Slack:                    inf
  Source:                 rst_reg/C
                            (rising edge-triggered cell FDRE clocked by main_clk  {rise@0.000ns fall@5.000ns period=10.000ns})
  Destination:            gln_l1of/out_reg/CE
  Path Group:             (none)
  Path Type:              Min at Fast Process Corner
  Data Path Delay:        0.349ns  (logic 0.141ns (40.400%)  route 0.208ns (59.600%))
  Logic Levels:           0  
  Clock Uncertainty:      0.025ns  ((TSJ^2 + TIJ^2)^1/2 + DJ) / 2 + PE
    Total System Jitter     (TSJ):    0.050ns
    Total Input Jitter      (TIJ):    0.000ns
    Discrete Jitter          (DJ):    0.000ns
    Phase Error              (PE):    0.000ns

    Location             Delay type                Incr(ns)  Path(ns)    Netlist Resource(s)
  -------------------------------------------------------------------    -------------------
                         (clock main_clk rise edge)
                                                      0.000     0.000 r  
    W5                                                0.000     0.000 r  clk (IN)
                         net (fo=0)                   0.000     0.000    clk
    W5                   IBUF (Prop_ibuf_I_O)         0.226     0.226 r  clk_IBUF_inst/O
                         net (fo=1, routed)           0.631     0.858    clk_IBUF
    BUFGCTRL_X0Y1        BUFG (Prop_bufg_I_O)         0.026     0.884 r  clk_IBUF_BUFG_inst/O
                         net (fo=68, routed)          0.591     1.474    clk_IBUF_BUFG
    SLICE_X65Y88         FDRE                                         r  rst_reg/C
  -------------------------------------------------------------------    -------------------
    SLICE_X65Y88         FDRE (Prop_fdre_C_Q)         0.141     1.615 r  rst_reg/Q
                         net (fo=10, routed)          0.208     1.823    gln_l1of/LED_RST_OBUF
    SLICE_X64Y89         FDRE                                         r  gln_l1of/out_reg/CE
  -------------------------------------------------------------------    -------------------

Slack:                    inf
  Source:                 rst_reg/C
                            (rising edge-triggered cell FDRE clocked by main_clk  {rise@0.000ns fall@5.000ns period=10.000ns})
  Destination:            gps_l1ca_g1_uart/out_reg/D
  Path Group:             (none)
  Path Type:              Min at Fast Process Corner
  Data Path Delay:        0.457ns  (logic 0.186ns (40.661%)  route 0.271ns (59.339%))
  Logic Levels:           1  (LUT3=1)
  Clock Uncertainty:      0.025ns  ((TSJ^2 + TIJ^2)^1/2 + DJ) / 2 + PE
    Total System Jitter     (TSJ):    0.050ns
    Total Input Jitter      (TIJ):    0.000ns
    Discrete Jitter          (DJ):    0.000ns
    Phase Error              (PE):    0.000ns

    Location             Delay type                Incr(ns)  Path(ns)    Netlist Resource(s)
  -------------------------------------------------------------------    -------------------
                         (clock main_clk rise edge)
                                                      0.000     0.000 r  
    W5                                                0.000     0.000 r  clk (IN)
                         net (fo=0)                   0.000     0.000    clk
    W5                   IBUF (Prop_ibuf_I_O)         0.226     0.226 r  clk_IBUF_inst/O
                         net (fo=1, routed)           0.631     0.858    clk_IBUF
    BUFGCTRL_X0Y1        BUFG (Prop_bufg_I_O)         0.026     0.884 r  clk_IBUF_BUFG_inst/O
                         net (fo=68, routed)          0.591     1.474    clk_IBUF_BUFG
    SLICE_X65Y88         FDRE                                         r  rst_reg/C
  -------------------------------------------------------------------    -------------------
    SLICE_X65Y88         FDRE (Prop_fdre_C_Q)         0.141     1.615 r  rst_reg/Q
                         net (fo=10, routed)          0.271     1.887    gps_l1ca_g1_uart/LED_RST_OBUF
    SLICE_X65Y91         LUT3 (Prop_lut3_I1_O)        0.045     1.932 r  gps_l1ca_g1_uart/out_i_1__2/O
                         net (fo=1, routed)           0.000     1.932    gps_l1ca_g1_uart/out_i_1__2_n_0
    SLICE_X65Y91         FDRE                                         r  gps_l1ca_g1_uart/out_reg/D
  -------------------------------------------------------------------    -------------------

Slack:                    inf
  Source:                 rst_reg/C
                            (rising edge-triggered cell FDRE clocked by main_clk  {rise@0.000ns fall@5.000ns period=10.000ns})
  Destination:            gps_l1ca_g2_2/out_reg/D
  Path Group:             (none)
  Path Type:              Min at Fast Process Corner
  Data Path Delay:        0.521ns  (logic 0.186ns (35.707%)  route 0.335ns (64.293%))
  Logic Levels:           1  (LUT3=1)
  Clock Uncertainty:      0.025ns  ((TSJ^2 + TIJ^2)^1/2 + DJ) / 2 + PE
    Total System Jitter     (TSJ):    0.050ns
    Total Input Jitter      (TIJ):    0.000ns
    Discrete Jitter          (DJ):    0.000ns
    Phase Error              (PE):    0.000ns

    Location             Delay type                Incr(ns)  Path(ns)    Netlist Resource(s)
  -------------------------------------------------------------------    -------------------
                         (clock main_clk rise edge)
                                                      0.000     0.000 r  
    W5                                                0.000     0.000 r  clk (IN)
                         net (fo=0)                   0.000     0.000    clk
    W5                   IBUF (Prop_ibuf_I_O)         0.226     0.226 r  clk_IBUF_inst/O
                         net (fo=1, routed)           0.631     0.858    clk_IBUF
    BUFGCTRL_X0Y1        BUFG (Prop_bufg_I_O)         0.026     0.884 r  clk_IBUF_BUFG_inst/O
                         net (fo=68, routed)          0.591     1.474    clk_IBUF_BUFG
    SLICE_X65Y88         FDRE                                         r  rst_reg/C
  -------------------------------------------------------------------    -------------------
    SLICE_X65Y88         FDRE (Prop_fdre_C_Q)         0.141     1.615 r  rst_reg/Q
                         net (fo=10, routed)          0.335     1.950    gps_l1ca_g2_2/LED_RST_OBUF
    SLICE_X65Y90         LUT3 (Prop_lut3_I1_O)        0.045     1.995 r  gps_l1ca_g2_2/out_i_1__1/O
                         net (fo=1, routed)           0.000     1.995    gps_l1ca_g2_2/out_i_1__1_n_0
    SLICE_X65Y90         FDRE                                         r  gps_l1ca_g2_2/out_reg/D
  -------------------------------------------------------------------    -------------------

Slack:                    inf
  Source:                 rst_reg/C
                            (rising edge-triggered cell FDRE clocked by main_clk  {rise@0.000ns fall@5.000ns period=10.000ns})
  Destination:            gps_l1ca_g2_2_uart/out_reg/D
  Path Group:             (none)
  Path Type:              Min at Fast Process Corner
  Data Path Delay:        0.542ns  (logic 0.186ns (34.290%)  route 0.356ns (65.710%))
  Logic Levels:           1  (LUT3=1)
  Clock Uncertainty:      0.025ns  ((TSJ^2 + TIJ^2)^1/2 + DJ) / 2 + PE
    Total System Jitter     (TSJ):    0.050ns
    Total Input Jitter      (TIJ):    0.000ns
    Discrete Jitter          (DJ):    0.000ns
    Phase Error              (PE):    0.000ns

    Location             Delay type                Incr(ns)  Path(ns)    Netlist Resource(s)
  -------------------------------------------------------------------    -------------------
                         (clock main_clk rise edge)
                                                      0.000     0.000 r  
    W5                                                0.000     0.000 r  clk (IN)
                         net (fo=0)                   0.000     0.000    clk
    W5                   IBUF (Prop_ibuf_I_O)         0.226     0.226 r  clk_IBUF_inst/O
                         net (fo=1, routed)           0.631     0.858    clk_IBUF
    BUFGCTRL_X0Y1        BUFG (Prop_bufg_I_O)         0.026     0.884 r  clk_IBUF_BUFG_inst/O
                         net (fo=68, routed)          0.591     1.474    clk_IBUF_BUFG
    SLICE_X65Y88         FDRE                                         r  rst_reg/C
  -------------------------------------------------------------------    -------------------
    SLICE_X65Y88         FDRE (Prop_fdre_C_Q)         0.141     1.615 r  rst_reg/Q
                         net (fo=10, routed)          0.356     1.972    gps_l1ca_g2_2_uart/LED_RST_OBUF
    SLICE_X65Y91         LUT3 (Prop_lut3_I1_O)        0.045     2.017 r  gps_l1ca_g2_2_uart/out_i_1__4/O
                         net (fo=1, routed)           0.000     2.017    gps_l1ca_g2_2_uart/out_i_1__4_n_0
    SLICE_X65Y91         FDRE                                         r  gps_l1ca_g2_2_uart/out_reg/D
  -------------------------------------------------------------------    -------------------

Slack:                    inf
  Source:                 rst_reg/C
                            (rising edge-triggered cell FDRE clocked by main_clk  {rise@0.000ns fall@5.000ns period=10.000ns})
  Destination:            gps_l1ca_g2_1_uart/out_reg/D
  Path Group:             (none)
  Path Type:              Min at Fast Process Corner
  Data Path Delay:        0.557ns  (logic 0.186ns (33.370%)  route 0.371ns (66.630%))
  Logic Levels:           1  (LUT3=1)
  Clock Uncertainty:      0.025ns  ((TSJ^2 + TIJ^2)^1/2 + DJ) / 2 + PE
    Total System Jitter     (TSJ):    0.050ns
    Total Input Jitter      (TIJ):    0.000ns
    Discrete Jitter          (DJ):    0.000ns
    Phase Error              (PE):    0.000ns

    Location             Delay type                Incr(ns)  Path(ns)    Netlist Resource(s)
  -------------------------------------------------------------------    -------------------
                         (clock main_clk rise edge)
                                                      0.000     0.000 r  
    W5                                                0.000     0.000 r  clk (IN)
                         net (fo=0)                   0.000     0.000    clk
    W5                   IBUF (Prop_ibuf_I_O)         0.226     0.226 r  clk_IBUF_inst/O
                         net (fo=1, routed)           0.631     0.858    clk_IBUF
    BUFGCTRL_X0Y1        BUFG (Prop_bufg_I_O)         0.026     0.884 r  clk_IBUF_BUFG_inst/O
                         net (fo=68, routed)          0.591     1.474    clk_IBUF_BUFG
    SLICE_X65Y88         FDRE                                         r  rst_reg/C
  -------------------------------------------------------------------    -------------------
    SLICE_X65Y88         FDRE (Prop_fdre_C_Q)         0.141     1.615 r  rst_reg/Q
                         net (fo=10, routed)          0.371     1.987    gps_l1ca_g2_1_uart/LED_RST_OBUF
    SLICE_X65Y91         LUT3 (Prop_lut3_I1_O)        0.045     2.032 r  gps_l1ca_g2_1_uart/out_i_1__3/O
                         net (fo=1, routed)           0.000     2.032    gps_l1ca_g2_1_uart/out_i_1__3_n_0
    SLICE_X65Y91         FDRE                                         r  gps_l1ca_g2_1_uart/out_reg/D
  -------------------------------------------------------------------    -------------------

Slack:                    inf
  Source:                 rst_reg/C
                            (rising edge-triggered cell FDRE clocked by main_clk  {rise@0.000ns fall@5.000ns period=10.000ns})
  Destination:            gps_l1ca_g1/out_reg/D
  Path Group:             (none)
  Path Type:              Min at Fast Process Corner
  Data Path Delay:        0.583ns  (logic 0.186ns (31.909%)  route 0.397ns (68.091%))
  Logic Levels:           1  (LUT3=1)
  Clock Uncertainty:      0.025ns  ((TSJ^2 + TIJ^2)^1/2 + DJ) / 2 + PE
    Total System Jitter     (TSJ):    0.050ns
    Total Input Jitter      (TIJ):    0.000ns
    Discrete Jitter          (DJ):    0.000ns
    Phase Error              (PE):    0.000ns

    Location             Delay type                Incr(ns)  Path(ns)    Netlist Resource(s)
  -------------------------------------------------------------------    -------------------
                         (clock main_clk rise edge)
                                                      0.000     0.000 r  
    W5                                                0.000     0.000 r  clk (IN)
                         net (fo=0)                   0.000     0.000    clk
    W5                   IBUF (Prop_ibuf_I_O)         0.226     0.226 r  clk_IBUF_inst/O
                         net (fo=1, routed)           0.631     0.858    clk_IBUF
    BUFGCTRL_X0Y1        BUFG (Prop_bufg_I_O)         0.026     0.884 r  clk_IBUF_BUFG_inst/O
                         net (fo=68, routed)          0.591     1.474    clk_IBUF_BUFG
    SLICE_X65Y88         FDRE                                         r  rst_reg/C
  -------------------------------------------------------------------    -------------------
    SLICE_X65Y88         FDRE (Prop_fdre_C_Q)         0.141     1.615 r  rst_reg/Q
                         net (fo=10, routed)          0.397     2.012    gps_l1ca_g1/LED_RST_OBUF
    SLICE_X65Y90         LUT3 (Prop_lut3_I1_O)        0.045     2.057 r  gps_l1ca_g1/out_i_1/O
                         net (fo=1, routed)           0.000     2.057    gps_l1ca_g1/out_i_1_n_0
    SLICE_X65Y90         FDRE                                         r  gps_l1ca_g1/out_reg/D
  -------------------------------------------------------------------    -------------------

Slack:                    inf
  Source:                 rst_reg/C
                            (rising edge-triggered cell FDRE clocked by main_clk  {rise@0.000ns fall@5.000ns period=10.000ns})
  Destination:            gln_l1of/shift_reg_reg[6]/S
  Path Group:             (none)
  Path Type:              Min at Fast Process Corner
  Data Path Delay:        0.602ns  (logic 0.183ns (30.381%)  route 0.419ns (69.619%))
  Logic Levels:           1  (LUT1=1)
  Clock Uncertainty:      0.025ns  ((TSJ^2 + TIJ^2)^1/2 + DJ) / 2 + PE
    Total System Jitter     (TSJ):    0.050ns
    Total Input Jitter      (TIJ):    0.000ns
    Discrete Jitter          (DJ):    0.000ns
    Phase Error              (PE):    0.000ns

    Location             Delay type                Incr(ns)  Path(ns)    Netlist Resource(s)
  -------------------------------------------------------------------    -------------------
                         (clock main_clk rise edge)
                                                      0.000     0.000 r  
    W5                                                0.000     0.000 r  clk (IN)
                         net (fo=0)                   0.000     0.000    clk
    W5                   IBUF (Prop_ibuf_I_O)         0.226     0.226 r  clk_IBUF_inst/O
                         net (fo=1, routed)           0.631     0.858    clk_IBUF
    BUFGCTRL_X0Y1        BUFG (Prop_bufg_I_O)         0.026     0.884 r  clk_IBUF_BUFG_inst/O
                         net (fo=68, routed)          0.591     1.474    clk_IBUF_BUFG
    SLICE_X65Y88         FDRE                                         r  rst_reg/C
  -------------------------------------------------------------------    -------------------
    SLICE_X65Y88         FDRE (Prop_fdre_C_Q)         0.141     1.615 f  rst_reg/Q
                         net (fo=10, routed)          0.234     1.850    gps_l1ca_g1/LED_RST_OBUF
    SLICE_X65Y87         LUT1 (Prop_lut1_I0_O)        0.042     1.892 r  gps_l1ca_g1/shift_reg[8]_i_1/O
                         net (fo=75, routed)          0.185     2.077    gln_l1of/shift_reg_reg[8]_0
    SLICE_X65Y89         FDSE                                         r  gln_l1of/shift_reg_reg[6]/S
  -------------------------------------------------------------------    -------------------

Slack:                    inf
  Source:                 rst_reg/C
                            (rising edge-triggered cell FDRE clocked by main_clk  {rise@0.000ns fall@5.000ns period=10.000ns})
  Destination:            gln_l1of/shift_reg_reg[7]/S
  Path Group:             (none)
  Path Type:              Min at Fast Process Corner
  Data Path Delay:        0.602ns  (logic 0.183ns (30.381%)  route 0.419ns (69.619%))
  Logic Levels:           1  (LUT1=1)
  Clock Uncertainty:      0.025ns  ((TSJ^2 + TIJ^2)^1/2 + DJ) / 2 + PE
    Total System Jitter     (TSJ):    0.050ns
    Total Input Jitter      (TIJ):    0.000ns
    Discrete Jitter          (DJ):    0.000ns
    Phase Error              (PE):    0.000ns

    Location             Delay type                Incr(ns)  Path(ns)    Netlist Resource(s)
  -------------------------------------------------------------------    -------------------
                         (clock main_clk rise edge)
                                                      0.000     0.000 r  
    W5                                                0.000     0.000 r  clk (IN)
                         net (fo=0)                   0.000     0.000    clk
    W5                   IBUF (Prop_ibuf_I_O)         0.226     0.226 r  clk_IBUF_inst/O
                         net (fo=1, routed)           0.631     0.858    clk_IBUF
    BUFGCTRL_X0Y1        BUFG (Prop_bufg_I_O)         0.026     0.884 r  clk_IBUF_BUFG_inst/O
                         net (fo=68, routed)          0.591     1.474    clk_IBUF_BUFG
    SLICE_X65Y88         FDRE                                         r  rst_reg/C
  -------------------------------------------------------------------    -------------------
    SLICE_X65Y88         FDRE (Prop_fdre_C_Q)         0.141     1.615 f  rst_reg/Q
                         net (fo=10, routed)          0.234     1.850    gps_l1ca_g1/LED_RST_OBUF
    SLICE_X65Y87         LUT1 (Prop_lut1_I0_O)        0.042     1.892 r  gps_l1ca_g1/shift_reg[8]_i_1/O
                         net (fo=75, routed)          0.185     2.077    gln_l1of/shift_reg_reg[8]_0
    SLICE_X65Y89         FDSE                                         r  gln_l1of/shift_reg_reg[7]/S
  -------------------------------------------------------------------    -------------------

Slack:                    inf
  Source:                 rst_reg/C
                            (rising edge-triggered cell FDRE clocked by main_clk  {rise@0.000ns fall@5.000ns period=10.000ns})
  Destination:            gln_l1of/shift_reg_reg[8]/S
  Path Group:             (none)
  Path Type:              Min at Fast Process Corner
  Data Path Delay:        0.602ns  (logic 0.183ns (30.381%)  route 0.419ns (69.619%))
  Logic Levels:           1  (LUT1=1)
  Clock Uncertainty:      0.025ns  ((TSJ^2 + TIJ^2)^1/2 + DJ) / 2 + PE
    Total System Jitter     (TSJ):    0.050ns
    Total Input Jitter      (TIJ):    0.000ns
    Discrete Jitter          (DJ):    0.000ns
    Phase Error              (PE):    0.000ns

    Location             Delay type                Incr(ns)  Path(ns)    Netlist Resource(s)
  -------------------------------------------------------------------    -------------------
                         (clock main_clk rise edge)
                                                      0.000     0.000 r  
    W5                                                0.000     0.000 r  clk (IN)
                         net (fo=0)                   0.000     0.000    clk
    W5                   IBUF (Prop_ibuf_I_O)         0.226     0.226 r  clk_IBUF_inst/O
                         net (fo=1, routed)           0.631     0.858    clk_IBUF
    BUFGCTRL_X0Y1        BUFG (Prop_bufg_I_O)         0.026     0.884 r  clk_IBUF_BUFG_inst/O
                         net (fo=68, routed)          0.591     1.474    clk_IBUF_BUFG
    SLICE_X65Y88         FDRE                                         r  rst_reg/C
  -------------------------------------------------------------------    -------------------
    SLICE_X65Y88         FDRE (Prop_fdre_C_Q)         0.141     1.615 f  rst_reg/Q
                         net (fo=10, routed)          0.234     1.850    gps_l1ca_g1/LED_RST_OBUF
    SLICE_X65Y87         LUT1 (Prop_lut1_I0_O)        0.042     1.892 r  gps_l1ca_g1/shift_reg[8]_i_1/O
                         net (fo=75, routed)          0.185     2.077    gln_l1of/shift_reg_reg[8]_0
    SLICE_X65Y89         FDSE                                         r  gln_l1of/shift_reg_reg[8]/S
  -------------------------------------------------------------------    -------------------

Slack:                    inf
  Source:                 rst_reg/C
                            (rising edge-triggered cell FDRE clocked by main_clk  {rise@0.000ns fall@5.000ns period=10.000ns})
  Destination:            gps_l1ca_g2_1/shift_reg_reg[0]/S
  Path Group:             (none)
  Path Type:              Min at Fast Process Corner
  Data Path Delay:        0.602ns  (logic 0.183ns (30.381%)  route 0.419ns (69.619%))
  Logic Levels:           1  (LUT1=1)
  Clock Uncertainty:      0.025ns  ((TSJ^2 + TIJ^2)^1/2 + DJ) / 2 + PE
    Total System Jitter     (TSJ):    0.050ns
    Total Input Jitter      (TIJ):    0.000ns
    Discrete Jitter          (DJ):    0.000ns
    Phase Error              (PE):    0.000ns

    Location             Delay type                Incr(ns)  Path(ns)    Netlist Resource(s)
  -------------------------------------------------------------------    -------------------
                         (clock main_clk rise edge)
                                                      0.000     0.000 r  
    W5                                                0.000     0.000 r  clk (IN)
                         net (fo=0)                   0.000     0.000    clk
    W5                   IBUF (Prop_ibuf_I_O)         0.226     0.226 r  clk_IBUF_inst/O
                         net (fo=1, routed)           0.631     0.858    clk_IBUF
    BUFGCTRL_X0Y1        BUFG (Prop_bufg_I_O)         0.026     0.884 r  clk_IBUF_BUFG_inst/O
                         net (fo=68, routed)          0.591     1.474    clk_IBUF_BUFG
    SLICE_X65Y88         FDRE                                         r  rst_reg/C
  -------------------------------------------------------------------    -------------------
    SLICE_X65Y88         FDRE (Prop_fdre_C_Q)         0.141     1.615 f  rst_reg/Q
                         net (fo=10, routed)          0.234     1.850    gps_l1ca_g1/LED_RST_OBUF
    SLICE_X65Y87         LUT1 (Prop_lut1_I0_O)        0.042     1.892 r  gps_l1ca_g1/shift_reg[8]_i_1/O
                         net (fo=75, routed)          0.185     2.077    gps_l1ca_g2_1/SS[0]
    SLICE_X65Y89         FDSE                                         r  gps_l1ca_g2_1/shift_reg_reg[0]/S
  -------------------------------------------------------------------    -------------------





--------------------------------------------------------------------------------------
Path Group:  (none)
From Clock:  
  To Clock:  main_clk

Max Delay            24 Endpoints
Min Delay            24 Endpoints
--------------------------------------------------------------------------------------


Max Delay Paths
--------------------------------------------------------------------------------------
Slack:                    inf
  Source:                 BTN
                            (input port)
  Destination:            counter_btn_reg[20]/R
                            (rising edge-triggered cell FDRE clocked by main_clk  {rise@0.000ns fall@5.000ns period=10.000ns})
  Path Group:             (none)
  Path Type:              Setup (Max at Slow Process Corner)
  Data Path Delay:        4.750ns  (logic 1.565ns (32.953%)  route 3.185ns (67.047%))
  Logic Levels:           2  (IBUF=1 LUT1=1)
  Clock Path Skew:        4.784ns (DCD - SCD + CPR)
    Destination Clock Delay (DCD):    4.784ns
    Source Clock Delay      (SCD):    0.000ns
    Clock Pessimism Removal (CPR):    0.000ns
  Clock Uncertainty:      0.025ns  ((TSJ^2 + TIJ^2)^1/2 + DJ) / 2 + PE
    Total System Jitter     (TSJ):    0.050ns
    Total Input Jitter      (TIJ):    0.000ns
    Discrete Jitter          (DJ):    0.000ns
    Phase Error              (PE):    0.000ns

    Location             Delay type                Incr(ns)  Path(ns)    Netlist Resource(s)
  -------------------------------------------------------------------    -------------------
    U18                                               0.000     0.000 f  BTN (IN)
                         net (fo=0)                   0.000     0.000    BTN
    U18                  IBUF (Prop_ibuf_I_O)         1.441     1.441 f  BTN_IBUF_inst/O
                         net (fo=1, routed)           1.954     3.395    BTN_IBUF
    SLICE_X10Y28         LUT1 (Prop_lut1_I0_O)        0.124     3.519 r  counter_btn[0]_i_1/O
                         net (fo=24, routed)          1.231     4.750    clear
    SLICE_X13Y33         FDRE                                         r  counter_btn_reg[20]/R
  -------------------------------------------------------------------    -------------------

                         (clock main_clk rise edge)
                                                      0.000     0.000 r  
    W5                                                0.000     0.000 r  clk (IN)
                         net (fo=0)                   0.000     0.000    clk
    W5                   IBUF (Prop_ibuf_I_O)         1.388     1.388 r  clk_IBUF_inst/O
                         net (fo=1, routed)           1.862     3.250    clk_IBUF
    BUFGCTRL_X0Y1        BUFG (Prop_bufg_I_O)         0.091     3.341 r  clk_IBUF_BUFG_inst/O
                         net (fo=68, routed)          1.443     4.784    clk_IBUF_BUFG
    SLICE_X13Y33         FDRE                                         r  counter_btn_reg[20]/C

Slack:                    inf
  Source:                 BTN
                            (input port)
  Destination:            counter_btn_reg[21]/R
                            (rising edge-triggered cell FDRE clocked by main_clk  {rise@0.000ns fall@5.000ns period=10.000ns})
  Path Group:             (none)
  Path Type:              Setup (Max at Slow Process Corner)
  Data Path Delay:        4.750ns  (logic 1.565ns (32.953%)  route 3.185ns (67.047%))
  Logic Levels:           2  (IBUF=1 LUT1=1)
  Clock Path Skew:        4.784ns (DCD - SCD + CPR)
    Destination Clock Delay (DCD):    4.784ns
    Source Clock Delay      (SCD):    0.000ns
    Clock Pessimism Removal (CPR):    0.000ns
  Clock Uncertainty:      0.025ns  ((TSJ^2 + TIJ^2)^1/2 + DJ) / 2 + PE
    Total System Jitter     (TSJ):    0.050ns
    Total Input Jitter      (TIJ):    0.000ns
    Discrete Jitter          (DJ):    0.000ns
    Phase Error              (PE):    0.000ns

    Location             Delay type                Incr(ns)  Path(ns)    Netlist Resource(s)
  -------------------------------------------------------------------    -------------------
    U18                                               0.000     0.000 f  BTN (IN)
                         net (fo=0)                   0.000     0.000    BTN
    U18                  IBUF (Prop_ibuf_I_O)         1.441     1.441 f  BTN_IBUF_inst/O
                         net (fo=1, routed)           1.954     3.395    BTN_IBUF
    SLICE_X10Y28         LUT1 (Prop_lut1_I0_O)        0.124     3.519 r  counter_btn[0]_i_1/O
                         net (fo=24, routed)          1.231     4.750    clear
    SLICE_X13Y33         FDRE                                         r  counter_btn_reg[21]/R
  -------------------------------------------------------------------    -------------------

                         (clock main_clk rise edge)
                                                      0.000     0.000 r  
    W5                                                0.000     0.000 r  clk (IN)
                         net (fo=0)                   0.000     0.000    clk
    W5                   IBUF (Prop_ibuf_I_O)         1.388     1.388 r  clk_IBUF_inst/O
                         net (fo=1, routed)           1.862     3.250    clk_IBUF
    BUFGCTRL_X0Y1        BUFG (Prop_bufg_I_O)         0.091     3.341 r  clk_IBUF_BUFG_inst/O
                         net (fo=68, routed)          1.443     4.784    clk_IBUF_BUFG
    SLICE_X13Y33         FDRE                                         r  counter_btn_reg[21]/C

Slack:                    inf
  Source:                 BTN
                            (input port)
  Destination:            counter_btn_reg[22]/R
                            (rising edge-triggered cell FDRE clocked by main_clk  {rise@0.000ns fall@5.000ns period=10.000ns})
  Path Group:             (none)
  Path Type:              Setup (Max at Slow Process Corner)
  Data Path Delay:        4.750ns  (logic 1.565ns (32.953%)  route 3.185ns (67.047%))
  Logic Levels:           2  (IBUF=1 LUT1=1)
  Clock Path Skew:        4.784ns (DCD - SCD + CPR)
    Destination Clock Delay (DCD):    4.784ns
    Source Clock Delay      (SCD):    0.000ns
    Clock Pessimism Removal (CPR):    0.000ns
  Clock Uncertainty:      0.025ns  ((TSJ^2 + TIJ^2)^1/2 + DJ) / 2 + PE
    Total System Jitter     (TSJ):    0.050ns
    Total Input Jitter      (TIJ):    0.000ns
    Discrete Jitter          (DJ):    0.000ns
    Phase Error              (PE):    0.000ns

    Location             Delay type                Incr(ns)  Path(ns)    Netlist Resource(s)
  -------------------------------------------------------------------    -------------------
    U18                                               0.000     0.000 f  BTN (IN)
                         net (fo=0)                   0.000     0.000    BTN
    U18                  IBUF (Prop_ibuf_I_O)         1.441     1.441 f  BTN_IBUF_inst/O
                         net (fo=1, routed)           1.954     3.395    BTN_IBUF
    SLICE_X10Y28         LUT1 (Prop_lut1_I0_O)        0.124     3.519 r  counter_btn[0]_i_1/O
                         net (fo=24, routed)          1.231     4.750    clear
    SLICE_X13Y33         FDRE                                         r  counter_btn_reg[22]/R
  -------------------------------------------------------------------    -------------------

                         (clock main_clk rise edge)
                                                      0.000     0.000 r  
    W5                                                0.000     0.000 r  clk (IN)
                         net (fo=0)                   0.000     0.000    clk
    W5                   IBUF (Prop_ibuf_I_O)         1.388     1.388 r  clk_IBUF_inst/O
                         net (fo=1, routed)           1.862     3.250    clk_IBUF
    BUFGCTRL_X0Y1        BUFG (Prop_bufg_I_O)         0.091     3.341 r  clk_IBUF_BUFG_inst/O
                         net (fo=68, routed)          1.443     4.784    clk_IBUF_BUFG
    SLICE_X13Y33         FDRE                                         r  counter_btn_reg[22]/C

Slack:                    inf
  Source:                 BTN
                            (input port)
  Destination:            counter_btn_reg[23]/R
                            (rising edge-triggered cell FDRE clocked by main_clk  {rise@0.000ns fall@5.000ns period=10.000ns})
  Path Group:             (none)
  Path Type:              Setup (Max at Slow Process Corner)
  Data Path Delay:        4.750ns  (logic 1.565ns (32.953%)  route 3.185ns (67.047%))
  Logic Levels:           2  (IBUF=1 LUT1=1)
  Clock Path Skew:        4.784ns (DCD - SCD + CPR)
    Destination Clock Delay (DCD):    4.784ns
    Source Clock Delay      (SCD):    0.000ns
    Clock Pessimism Removal (CPR):    0.000ns
  Clock Uncertainty:      0.025ns  ((TSJ^2 + TIJ^2)^1/2 + DJ) / 2 + PE
    Total System Jitter     (TSJ):    0.050ns
    Total Input Jitter      (TIJ):    0.000ns
    Discrete Jitter          (DJ):    0.000ns
    Phase Error              (PE):    0.000ns

    Location             Delay type                Incr(ns)  Path(ns)    Netlist Resource(s)
  -------------------------------------------------------------------    -------------------
    U18                                               0.000     0.000 f  BTN (IN)
                         net (fo=0)                   0.000     0.000    BTN
    U18                  IBUF (Prop_ibuf_I_O)         1.441     1.441 f  BTN_IBUF_inst/O
                         net (fo=1, routed)           1.954     3.395    BTN_IBUF
    SLICE_X10Y28         LUT1 (Prop_lut1_I0_O)        0.124     3.519 r  counter_btn[0]_i_1/O
                         net (fo=24, routed)          1.231     4.750    clear
    SLICE_X13Y33         FDRE                                         r  counter_btn_reg[23]/R
  -------------------------------------------------------------------    -------------------

                         (clock main_clk rise edge)
                                                      0.000     0.000 r  
    W5                                                0.000     0.000 r  clk (IN)
                         net (fo=0)                   0.000     0.000    clk
    W5                   IBUF (Prop_ibuf_I_O)         1.388     1.388 r  clk_IBUF_inst/O
                         net (fo=1, routed)           1.862     3.250    clk_IBUF
    BUFGCTRL_X0Y1        BUFG (Prop_bufg_I_O)         0.091     3.341 r  clk_IBUF_BUFG_inst/O
                         net (fo=68, routed)          1.443     4.784    clk_IBUF_BUFG
    SLICE_X13Y33         FDRE                                         r  counter_btn_reg[23]/C

Slack:                    inf
  Source:                 BTN
                            (input port)
  Destination:            counter_btn_reg[16]/R
                            (rising edge-triggered cell FDRE clocked by main_clk  {rise@0.000ns fall@5.000ns period=10.000ns})
  Path Group:             (none)
  Path Type:              Setup (Max at Slow Process Corner)
  Data Path Delay:        4.612ns  (logic 1.565ns (33.942%)  route 3.046ns (66.058%))
  Logic Levels:           2  (IBUF=1 LUT1=1)
  Clock Path Skew:        4.783ns (DCD - SCD + CPR)
    Destination Clock Delay (DCD):    4.783ns
    Source Clock Delay      (SCD):    0.000ns
    Clock Pessimism Removal (CPR):    0.000ns
  Clock Uncertainty:      0.025ns  ((TSJ^2 + TIJ^2)^1/2 + DJ) / 2 + PE
    Total System Jitter     (TSJ):    0.050ns
    Total Input Jitter      (TIJ):    0.000ns
    Discrete Jitter          (DJ):    0.000ns
    Phase Error              (PE):    0.000ns

    Location             Delay type                Incr(ns)  Path(ns)    Netlist Resource(s)
  -------------------------------------------------------------------    -------------------
    U18                                               0.000     0.000 f  BTN (IN)
                         net (fo=0)                   0.000     0.000    BTN
    U18                  IBUF (Prop_ibuf_I_O)         1.441     1.441 f  BTN_IBUF_inst/O
                         net (fo=1, routed)           1.954     3.395    BTN_IBUF
    SLICE_X10Y28         LUT1 (Prop_lut1_I0_O)        0.124     3.519 r  counter_btn[0]_i_1/O
                         net (fo=24, routed)          1.093     4.612    clear
    SLICE_X13Y32         FDRE                                         r  counter_btn_reg[16]/R
  -------------------------------------------------------------------    -------------------

                         (clock main_clk rise edge)
                                                      0.000     0.000 r  
    W5                                                0.000     0.000 r  clk (IN)
                         net (fo=0)                   0.000     0.000    clk
    W5                   IBUF (Prop_ibuf_I_O)         1.388     1.388 r  clk_IBUF_inst/O
                         net (fo=1, routed)           1.862     3.250    clk_IBUF
    BUFGCTRL_X0Y1        BUFG (Prop_bufg_I_O)         0.091     3.341 r  clk_IBUF_BUFG_inst/O
                         net (fo=68, routed)          1.442     4.783    clk_IBUF_BUFG
    SLICE_X13Y32         FDRE                                         r  counter_btn_reg[16]/C

Slack:                    inf
  Source:                 BTN
                            (input port)
  Destination:            counter_btn_reg[17]/R
                            (rising edge-triggered cell FDRE clocked by main_clk  {rise@0.000ns fall@5.000ns period=10.000ns})
  Path Group:             (none)
  Path Type:              Setup (Max at Slow Process Corner)
  Data Path Delay:        4.612ns  (logic 1.565ns (33.942%)  route 3.046ns (66.058%))
  Logic Levels:           2  (IBUF=1 LUT1=1)
  Clock Path Skew:        4.783ns (DCD - SCD + CPR)
    Destination Clock Delay (DCD):    4.783ns
    Source Clock Delay      (SCD):    0.000ns
    Clock Pessimism Removal (CPR):    0.000ns
  Clock Uncertainty:      0.025ns  ((TSJ^2 + TIJ^2)^1/2 + DJ) / 2 + PE
    Total System Jitter     (TSJ):    0.050ns
    Total Input Jitter      (TIJ):    0.000ns
    Discrete Jitter          (DJ):    0.000ns
    Phase Error              (PE):    0.000ns

    Location             Delay type                Incr(ns)  Path(ns)    Netlist Resource(s)
  -------------------------------------------------------------------    -------------------
    U18                                               0.000     0.000 f  BTN (IN)
                         net (fo=0)                   0.000     0.000    BTN
    U18                  IBUF (Prop_ibuf_I_O)         1.441     1.441 f  BTN_IBUF_inst/O
                         net (fo=1, routed)           1.954     3.395    BTN_IBUF
    SLICE_X10Y28         LUT1 (Prop_lut1_I0_O)        0.124     3.519 r  counter_btn[0]_i_1/O
                         net (fo=24, routed)          1.093     4.612    clear
    SLICE_X13Y32         FDRE                                         r  counter_btn_reg[17]/R
  -------------------------------------------------------------------    -------------------

                         (clock main_clk rise edge)
                                                      0.000     0.000 r  
    W5                                                0.000     0.000 r  clk (IN)
                         net (fo=0)                   0.000     0.000    clk
    W5                   IBUF (Prop_ibuf_I_O)         1.388     1.388 r  clk_IBUF_inst/O
                         net (fo=1, routed)           1.862     3.250    clk_IBUF
    BUFGCTRL_X0Y1        BUFG (Prop_bufg_I_O)         0.091     3.341 r  clk_IBUF_BUFG_inst/O
                         net (fo=68, routed)          1.442     4.783    clk_IBUF_BUFG
    SLICE_X13Y32         FDRE                                         r  counter_btn_reg[17]/C

Slack:                    inf
  Source:                 BTN
                            (input port)
  Destination:            counter_btn_reg[18]/R
                            (rising edge-triggered cell FDRE clocked by main_clk  {rise@0.000ns fall@5.000ns period=10.000ns})
  Path Group:             (none)
  Path Type:              Setup (Max at Slow Process Corner)
  Data Path Delay:        4.612ns  (logic 1.565ns (33.942%)  route 3.046ns (66.058%))
  Logic Levels:           2  (IBUF=1 LUT1=1)
  Clock Path Skew:        4.783ns (DCD - SCD + CPR)
    Destination Clock Delay (DCD):    4.783ns
    Source Clock Delay      (SCD):    0.000ns
    Clock Pessimism Removal (CPR):    0.000ns
  Clock Uncertainty:      0.025ns  ((TSJ^2 + TIJ^2)^1/2 + DJ) / 2 + PE
    Total System Jitter     (TSJ):    0.050ns
    Total Input Jitter      (TIJ):    0.000ns
    Discrete Jitter          (DJ):    0.000ns
    Phase Error              (PE):    0.000ns

    Location             Delay type                Incr(ns)  Path(ns)    Netlist Resource(s)
  -------------------------------------------------------------------    -------------------
    U18                                               0.000     0.000 f  BTN (IN)
                         net (fo=0)                   0.000     0.000    BTN
    U18                  IBUF (Prop_ibuf_I_O)         1.441     1.441 f  BTN_IBUF_inst/O
                         net (fo=1, routed)           1.954     3.395    BTN_IBUF
    SLICE_X10Y28         LUT1 (Prop_lut1_I0_O)        0.124     3.519 r  counter_btn[0]_i_1/O
                         net (fo=24, routed)          1.093     4.612    clear
    SLICE_X13Y32         FDRE                                         r  counter_btn_reg[18]/R
  -------------------------------------------------------------------    -------------------

                         (clock main_clk rise edge)
                                                      0.000     0.000 r  
    W5                                                0.000     0.000 r  clk (IN)
                         net (fo=0)                   0.000     0.000    clk
    W5                   IBUF (Prop_ibuf_I_O)         1.388     1.388 r  clk_IBUF_inst/O
                         net (fo=1, routed)           1.862     3.250    clk_IBUF
    BUFGCTRL_X0Y1        BUFG (Prop_bufg_I_O)         0.091     3.341 r  clk_IBUF_BUFG_inst/O
                         net (fo=68, routed)          1.442     4.783    clk_IBUF_BUFG
    SLICE_X13Y32         FDRE                                         r  counter_btn_reg[18]/C

Slack:                    inf
  Source:                 BTN
                            (input port)
  Destination:            counter_btn_reg[19]/R
                            (rising edge-triggered cell FDRE clocked by main_clk  {rise@0.000ns fall@5.000ns period=10.000ns})
  Path Group:             (none)
  Path Type:              Setup (Max at Slow Process Corner)
  Data Path Delay:        4.612ns  (logic 1.565ns (33.942%)  route 3.046ns (66.058%))
  Logic Levels:           2  (IBUF=1 LUT1=1)
  Clock Path Skew:        4.783ns (DCD - SCD + CPR)
    Destination Clock Delay (DCD):    4.783ns
    Source Clock Delay      (SCD):    0.000ns
    Clock Pessimism Removal (CPR):    0.000ns
  Clock Uncertainty:      0.025ns  ((TSJ^2 + TIJ^2)^1/2 + DJ) / 2 + PE
    Total System Jitter     (TSJ):    0.050ns
    Total Input Jitter      (TIJ):    0.000ns
    Discrete Jitter          (DJ):    0.000ns
    Phase Error              (PE):    0.000ns

    Location             Delay type                Incr(ns)  Path(ns)    Netlist Resource(s)
  -------------------------------------------------------------------    -------------------
    U18                                               0.000     0.000 f  BTN (IN)
                         net (fo=0)                   0.000     0.000    BTN
    U18                  IBUF (Prop_ibuf_I_O)         1.441     1.441 f  BTN_IBUF_inst/O
                         net (fo=1, routed)           1.954     3.395    BTN_IBUF
    SLICE_X10Y28         LUT1 (Prop_lut1_I0_O)        0.124     3.519 r  counter_btn[0]_i_1/O
                         net (fo=24, routed)          1.093     4.612    clear
    SLICE_X13Y32         FDRE                                         r  counter_btn_reg[19]/R
  -------------------------------------------------------------------    -------------------

                         (clock main_clk rise edge)
                                                      0.000     0.000 r  
    W5                                                0.000     0.000 r  clk (IN)
                         net (fo=0)                   0.000     0.000    clk
    W5                   IBUF (Prop_ibuf_I_O)         1.388     1.388 r  clk_IBUF_inst/O
                         net (fo=1, routed)           1.862     3.250    clk_IBUF
    BUFGCTRL_X0Y1        BUFG (Prop_bufg_I_O)         0.091     3.341 r  clk_IBUF_BUFG_inst/O
                         net (fo=68, routed)          1.442     4.783    clk_IBUF_BUFG
    SLICE_X13Y32         FDRE                                         r  counter_btn_reg[19]/C

Slack:                    inf
  Source:                 BTN
                            (input port)
  Destination:            counter_btn_reg[12]/R
                            (rising edge-triggered cell FDRE clocked by main_clk  {rise@0.000ns fall@5.000ns period=10.000ns})
  Path Group:             (none)
  Path Type:              Setup (Max at Slow Process Corner)
  Data Path Delay:        4.463ns  (logic 1.565ns (35.069%)  route 2.898ns (64.931%))
  Logic Levels:           2  (IBUF=1 LUT1=1)
  Clock Path Skew:        4.781ns (DCD - SCD + CPR)
    Destination Clock Delay (DCD):    4.781ns
    Source Clock Delay      (SCD):    0.000ns
    Clock Pessimism Removal (CPR):    0.000ns
  Clock Uncertainty:      0.025ns  ((TSJ^2 + TIJ^2)^1/2 + DJ) / 2 + PE
    Total System Jitter     (TSJ):    0.050ns
    Total Input Jitter      (TIJ):    0.000ns
    Discrete Jitter          (DJ):    0.000ns
    Phase Error              (PE):    0.000ns

    Location             Delay type                Incr(ns)  Path(ns)    Netlist Resource(s)
  -------------------------------------------------------------------    -------------------
    U18                                               0.000     0.000 f  BTN (IN)
                         net (fo=0)                   0.000     0.000    BTN
    U18                  IBUF (Prop_ibuf_I_O)         1.441     1.441 f  BTN_IBUF_inst/O
                         net (fo=1, routed)           1.954     3.395    BTN_IBUF
    SLICE_X10Y28         LUT1 (Prop_lut1_I0_O)        0.124     3.519 r  counter_btn[0]_i_1/O
                         net (fo=24, routed)          0.944     4.463    clear
    SLICE_X13Y31         FDRE                                         r  counter_btn_reg[12]/R
  -------------------------------------------------------------------    -------------------

                         (clock main_clk rise edge)
                                                      0.000     0.000 r  
    W5                                                0.000     0.000 r  clk (IN)
                         net (fo=0)                   0.000     0.000    clk
    W5                   IBUF (Prop_ibuf_I_O)         1.388     1.388 r  clk_IBUF_inst/O
                         net (fo=1, routed)           1.862     3.250    clk_IBUF
    BUFGCTRL_X0Y1        BUFG (Prop_bufg_I_O)         0.091     3.341 r  clk_IBUF_BUFG_inst/O
                         net (fo=68, routed)          1.440     4.781    clk_IBUF_BUFG
    SLICE_X13Y31         FDRE                                         r  counter_btn_reg[12]/C

Slack:                    inf
  Source:                 BTN
                            (input port)
  Destination:            counter_btn_reg[13]/R
                            (rising edge-triggered cell FDRE clocked by main_clk  {rise@0.000ns fall@5.000ns period=10.000ns})
  Path Group:             (none)
  Path Type:              Setup (Max at Slow Process Corner)
  Data Path Delay:        4.463ns  (logic 1.565ns (35.069%)  route 2.898ns (64.931%))
  Logic Levels:           2  (IBUF=1 LUT1=1)
  Clock Path Skew:        4.781ns (DCD - SCD + CPR)
    Destination Clock Delay (DCD):    4.781ns
    Source Clock Delay      (SCD):    0.000ns
    Clock Pessimism Removal (CPR):    0.000ns
  Clock Uncertainty:      0.025ns  ((TSJ^2 + TIJ^2)^1/2 + DJ) / 2 + PE
    Total System Jitter     (TSJ):    0.050ns
    Total Input Jitter      (TIJ):    0.000ns
    Discrete Jitter          (DJ):    0.000ns
    Phase Error              (PE):    0.000ns

    Location             Delay type                Incr(ns)  Path(ns)    Netlist Resource(s)
  -------------------------------------------------------------------    -------------------
    U18                                               0.000     0.000 f  BTN (IN)
                         net (fo=0)                   0.000     0.000    BTN
    U18                  IBUF (Prop_ibuf_I_O)         1.441     1.441 f  BTN_IBUF_inst/O
                         net (fo=1, routed)           1.954     3.395    BTN_IBUF
    SLICE_X10Y28         LUT1 (Prop_lut1_I0_O)        0.124     3.519 r  counter_btn[0]_i_1/O
                         net (fo=24, routed)          0.944     4.463    clear
    SLICE_X13Y31         FDRE                                         r  counter_btn_reg[13]/R
  -------------------------------------------------------------------    -------------------

                         (clock main_clk rise edge)
                                                      0.000     0.000 r  
    W5                                                0.000     0.000 r  clk (IN)
                         net (fo=0)                   0.000     0.000    clk
    W5                   IBUF (Prop_ibuf_I_O)         1.388     1.388 r  clk_IBUF_inst/O
                         net (fo=1, routed)           1.862     3.250    clk_IBUF
    BUFGCTRL_X0Y1        BUFG (Prop_bufg_I_O)         0.091     3.341 r  clk_IBUF_BUFG_inst/O
                         net (fo=68, routed)          1.440     4.781    clk_IBUF_BUFG
    SLICE_X13Y31         FDRE                                         r  counter_btn_reg[13]/C





Min Delay Paths
--------------------------------------------------------------------------------------
Slack:                    inf
  Source:                 BTN
                            (input port)
  Destination:            counter_btn_reg[0]/R
                            (rising edge-triggered cell FDRE clocked by main_clk  {rise@0.000ns fall@5.000ns period=10.000ns})
  Path Group:             (none)
  Path Type:              Hold (Min at Fast Process Corner)
  Data Path Delay:        1.265ns  (logic 0.255ns (20.124%)  route 1.010ns (79.876%))
  Logic Levels:           2  (IBUF=1 LUT1=1)
  Clock Path Skew:        1.951ns (DCD - SCD - CPR)
    Destination Clock Delay (DCD):    1.951ns
    Source Clock Delay      (SCD):    0.000ns
    Clock Pessimism Removal (CPR):    -0.000ns

    Location             Delay type                Incr(ns)  Path(ns)    Netlist Resource(s)
  -------------------------------------------------------------------    -------------------
    U18                                               0.000     0.000 f  BTN (IN)
                         net (fo=0)                   0.000     0.000    BTN
    U18                  IBUF (Prop_ibuf_I_O)         0.210     0.210 f  BTN_IBUF_inst/O
                         net (fo=1, routed)           0.824     1.033    BTN_IBUF
    SLICE_X10Y28         LUT1 (Prop_lut1_I0_O)        0.045     1.078 r  counter_btn[0]_i_1/O
                         net (fo=24, routed)          0.186     1.265    clear
    SLICE_X13Y28         FDRE                                         r  counter_btn_reg[0]/R
  -------------------------------------------------------------------    -------------------

                         (clock main_clk rise edge)
                                                      0.000     0.000 r  
    W5                                                0.000     0.000 r  clk (IN)
                         net (fo=0)                   0.000     0.000    clk
    W5                   IBUF (Prop_ibuf_I_O)         0.414     0.414 r  clk_IBUF_inst/O
                         net (fo=1, routed)           0.685     1.099    clk_IBUF
    BUFGCTRL_X0Y1        BUFG (Prop_bufg_I_O)         0.029     1.128 r  clk_IBUF_BUFG_inst/O
                         net (fo=68, routed)          0.824     1.951    clk_IBUF_BUFG
    SLICE_X13Y28         FDRE                                         r  counter_btn_reg[0]/C

Slack:                    inf
  Source:                 BTN
                            (input port)
  Destination:            counter_btn_reg[1]/R
                            (rising edge-triggered cell FDRE clocked by main_clk  {rise@0.000ns fall@5.000ns period=10.000ns})
  Path Group:             (none)
  Path Type:              Hold (Min at Fast Process Corner)
  Data Path Delay:        1.265ns  (logic 0.255ns (20.124%)  route 1.010ns (79.876%))
  Logic Levels:           2  (IBUF=1 LUT1=1)
  Clock Path Skew:        1.951ns (DCD - SCD - CPR)
    Destination Clock Delay (DCD):    1.951ns
    Source Clock Delay      (SCD):    0.000ns
    Clock Pessimism Removal (CPR):    -0.000ns

    Location             Delay type                Incr(ns)  Path(ns)    Netlist Resource(s)
  -------------------------------------------------------------------    -------------------
    U18                                               0.000     0.000 f  BTN (IN)
                         net (fo=0)                   0.000     0.000    BTN
    U18                  IBUF (Prop_ibuf_I_O)         0.210     0.210 f  BTN_IBUF_inst/O
                         net (fo=1, routed)           0.824     1.033    BTN_IBUF
    SLICE_X10Y28         LUT1 (Prop_lut1_I0_O)        0.045     1.078 r  counter_btn[0]_i_1/O
                         net (fo=24, routed)          0.186     1.265    clear
    SLICE_X13Y28         FDRE                                         r  counter_btn_reg[1]/R
  -------------------------------------------------------------------    -------------------

                         (clock main_clk rise edge)
                                                      0.000     0.000 r  
    W5                                                0.000     0.000 r  clk (IN)
                         net (fo=0)                   0.000     0.000    clk
    W5                   IBUF (Prop_ibuf_I_O)         0.414     0.414 r  clk_IBUF_inst/O
                         net (fo=1, routed)           0.685     1.099    clk_IBUF
    BUFGCTRL_X0Y1        BUFG (Prop_bufg_I_O)         0.029     1.128 r  clk_IBUF_BUFG_inst/O
                         net (fo=68, routed)          0.824     1.951    clk_IBUF_BUFG
    SLICE_X13Y28         FDRE                                         r  counter_btn_reg[1]/C

Slack:                    inf
  Source:                 BTN
                            (input port)
  Destination:            counter_btn_reg[2]/R
                            (rising edge-triggered cell FDRE clocked by main_clk  {rise@0.000ns fall@5.000ns period=10.000ns})
  Path Group:             (none)
  Path Type:              Hold (Min at Fast Process Corner)
  Data Path Delay:        1.265ns  (logic 0.255ns (20.124%)  route 1.010ns (79.876%))
  Logic Levels:           2  (IBUF=1 LUT1=1)
  Clock Path Skew:        1.951ns (DCD - SCD - CPR)
    Destination Clock Delay (DCD):    1.951ns
    Source Clock Delay      (SCD):    0.000ns
    Clock Pessimism Removal (CPR):    -0.000ns

    Location             Delay type                Incr(ns)  Path(ns)    Netlist Resource(s)
  -------------------------------------------------------------------    -------------------
    U18                                               0.000     0.000 f  BTN (IN)
                         net (fo=0)                   0.000     0.000    BTN
    U18                  IBUF (Prop_ibuf_I_O)         0.210     0.210 f  BTN_IBUF_inst/O
                         net (fo=1, routed)           0.824     1.033    BTN_IBUF
    SLICE_X10Y28         LUT1 (Prop_lut1_I0_O)        0.045     1.078 r  counter_btn[0]_i_1/O
                         net (fo=24, routed)          0.186     1.265    clear
    SLICE_X13Y28         FDRE                                         r  counter_btn_reg[2]/R
  -------------------------------------------------------------------    -------------------

                         (clock main_clk rise edge)
                                                      0.000     0.000 r  
    W5                                                0.000     0.000 r  clk (IN)
                         net (fo=0)                   0.000     0.000    clk
    W5                   IBUF (Prop_ibuf_I_O)         0.414     0.414 r  clk_IBUF_inst/O
                         net (fo=1, routed)           0.685     1.099    clk_IBUF
    BUFGCTRL_X0Y1        BUFG (Prop_bufg_I_O)         0.029     1.128 r  clk_IBUF_BUFG_inst/O
                         net (fo=68, routed)          0.824     1.951    clk_IBUF_BUFG
    SLICE_X13Y28         FDRE                                         r  counter_btn_reg[2]/C

Slack:                    inf
  Source:                 BTN
                            (input port)
  Destination:            counter_btn_reg[3]/R
                            (rising edge-triggered cell FDRE clocked by main_clk  {rise@0.000ns fall@5.000ns period=10.000ns})
  Path Group:             (none)
  Path Type:              Hold (Min at Fast Process Corner)
  Data Path Delay:        1.265ns  (logic 0.255ns (20.124%)  route 1.010ns (79.876%))
  Logic Levels:           2  (IBUF=1 LUT1=1)
  Clock Path Skew:        1.951ns (DCD - SCD - CPR)
    Destination Clock Delay (DCD):    1.951ns
    Source Clock Delay      (SCD):    0.000ns
    Clock Pessimism Removal (CPR):    -0.000ns

    Location             Delay type                Incr(ns)  Path(ns)    Netlist Resource(s)
  -------------------------------------------------------------------    -------------------
    U18                                               0.000     0.000 f  BTN (IN)
                         net (fo=0)                   0.000     0.000    BTN
    U18                  IBUF (Prop_ibuf_I_O)         0.210     0.210 f  BTN_IBUF_inst/O
                         net (fo=1, routed)           0.824     1.033    BTN_IBUF
    SLICE_X10Y28         LUT1 (Prop_lut1_I0_O)        0.045     1.078 r  counter_btn[0]_i_1/O
                         net (fo=24, routed)          0.186     1.265    clear
    SLICE_X13Y28         FDRE                                         r  counter_btn_reg[3]/R
  -------------------------------------------------------------------    -------------------

                         (clock main_clk rise edge)
                                                      0.000     0.000 r  
    W5                                                0.000     0.000 r  clk (IN)
                         net (fo=0)                   0.000     0.000    clk
    W5                   IBUF (Prop_ibuf_I_O)         0.414     0.414 r  clk_IBUF_inst/O
                         net (fo=1, routed)           0.685     1.099    clk_IBUF
    BUFGCTRL_X0Y1        BUFG (Prop_bufg_I_O)         0.029     1.128 r  clk_IBUF_BUFG_inst/O
                         net (fo=68, routed)          0.824     1.951    clk_IBUF_BUFG
    SLICE_X13Y28         FDRE                                         r  counter_btn_reg[3]/C

Slack:                    inf
  Source:                 BTN
                            (input port)
  Destination:            counter_btn_reg[4]/R
                            (rising edge-triggered cell FDRE clocked by main_clk  {rise@0.000ns fall@5.000ns period=10.000ns})
  Path Group:             (none)
  Path Type:              Hold (Min at Fast Process Corner)
  Data Path Delay:        1.328ns  (logic 0.255ns (19.165%)  route 1.074ns (80.835%))
  Logic Levels:           2  (IBUF=1 LUT1=1)
  Clock Path Skew:        1.952ns (DCD - SCD - CPR)
    Destination Clock Delay (DCD):    1.952ns
    Source Clock Delay      (SCD):    0.000ns
    Clock Pessimism Removal (CPR):    -0.000ns

    Location             Delay type                Incr(ns)  Path(ns)    Netlist Resource(s)
  -------------------------------------------------------------------    -------------------
    U18                                               0.000     0.000 f  BTN (IN)
                         net (fo=0)                   0.000     0.000    BTN
    U18                  IBUF (Prop_ibuf_I_O)         0.210     0.210 f  BTN_IBUF_inst/O
                         net (fo=1, routed)           0.824     1.033    BTN_IBUF
    SLICE_X10Y28         LUT1 (Prop_lut1_I0_O)        0.045     1.078 r  counter_btn[0]_i_1/O
                         net (fo=24, routed)          0.250     1.328    clear
    SLICE_X13Y29         FDRE                                         r  counter_btn_reg[4]/R
  -------------------------------------------------------------------    -------------------

                         (clock main_clk rise edge)
                                                      0.000     0.000 r  
    W5                                                0.000     0.000 r  clk (IN)
                         net (fo=0)                   0.000     0.000    clk
    W5                   IBUF (Prop_ibuf_I_O)         0.414     0.414 r  clk_IBUF_inst/O
                         net (fo=1, routed)           0.685     1.099    clk_IBUF
    BUFGCTRL_X0Y1        BUFG (Prop_bufg_I_O)         0.029     1.128 r  clk_IBUF_BUFG_inst/O
                         net (fo=68, routed)          0.825     1.952    clk_IBUF_BUFG
    SLICE_X13Y29         FDRE                                         r  counter_btn_reg[4]/C

Slack:                    inf
  Source:                 BTN
                            (input port)
  Destination:            counter_btn_reg[5]/R
                            (rising edge-triggered cell FDRE clocked by main_clk  {rise@0.000ns fall@5.000ns period=10.000ns})
  Path Group:             (none)
  Path Type:              Hold (Min at Fast Process Corner)
  Data Path Delay:        1.328ns  (logic 0.255ns (19.165%)  route 1.074ns (80.835%))
  Logic Levels:           2  (IBUF=1 LUT1=1)
  Clock Path Skew:        1.952ns (DCD - SCD - CPR)
    Destination Clock Delay (DCD):    1.952ns
    Source Clock Delay      (SCD):    0.000ns
    Clock Pessimism Removal (CPR):    -0.000ns

    Location             Delay type                Incr(ns)  Path(ns)    Netlist Resource(s)
  -------------------------------------------------------------------    -------------------
    U18                                               0.000     0.000 f  BTN (IN)
                         net (fo=0)                   0.000     0.000    BTN
    U18                  IBUF (Prop_ibuf_I_O)         0.210     0.210 f  BTN_IBUF_inst/O
                         net (fo=1, routed)           0.824     1.033    BTN_IBUF
    SLICE_X10Y28         LUT1 (Prop_lut1_I0_O)        0.045     1.078 r  counter_btn[0]_i_1/O
                         net (fo=24, routed)          0.250     1.328    clear
    SLICE_X13Y29         FDRE                                         r  counter_btn_reg[5]/R
  -------------------------------------------------------------------    -------------------

                         (clock main_clk rise edge)
                                                      0.000     0.000 r  
    W5                                                0.000     0.000 r  clk (IN)
                         net (fo=0)                   0.000     0.000    clk
    W5                   IBUF (Prop_ibuf_I_O)         0.414     0.414 r  clk_IBUF_inst/O
                         net (fo=1, routed)           0.685     1.099    clk_IBUF
    BUFGCTRL_X0Y1        BUFG (Prop_bufg_I_O)         0.029     1.128 r  clk_IBUF_BUFG_inst/O
                         net (fo=68, routed)          0.825     1.952    clk_IBUF_BUFG
    SLICE_X13Y29         FDRE                                         r  counter_btn_reg[5]/C

Slack:                    inf
  Source:                 BTN
                            (input port)
  Destination:            counter_btn_reg[6]/R
                            (rising edge-triggered cell FDRE clocked by main_clk  {rise@0.000ns fall@5.000ns period=10.000ns})
  Path Group:             (none)
  Path Type:              Hold (Min at Fast Process Corner)
  Data Path Delay:        1.328ns  (logic 0.255ns (19.165%)  route 1.074ns (80.835%))
  Logic Levels:           2  (IBUF=1 LUT1=1)
  Clock Path Skew:        1.952ns (DCD - SCD - CPR)
    Destination Clock Delay (DCD):    1.952ns
    Source Clock Delay      (SCD):    0.000ns
    Clock Pessimism Removal (CPR):    -0.000ns

    Location             Delay type                Incr(ns)  Path(ns)    Netlist Resource(s)
  -------------------------------------------------------------------    -------------------
    U18                                               0.000     0.000 f  BTN (IN)
                         net (fo=0)                   0.000     0.000    BTN
    U18                  IBUF (Prop_ibuf_I_O)         0.210     0.210 f  BTN_IBUF_inst/O
                         net (fo=1, routed)           0.824     1.033    BTN_IBUF
    SLICE_X10Y28         LUT1 (Prop_lut1_I0_O)        0.045     1.078 r  counter_btn[0]_i_1/O
                         net (fo=24, routed)          0.250     1.328    clear
    SLICE_X13Y29         FDRE                                         r  counter_btn_reg[6]/R
  -------------------------------------------------------------------    -------------------

                         (clock main_clk rise edge)
                                                      0.000     0.000 r  
    W5                                                0.000     0.000 r  clk (IN)
                         net (fo=0)                   0.000     0.000    clk
    W5                   IBUF (Prop_ibuf_I_O)         0.414     0.414 r  clk_IBUF_inst/O
                         net (fo=1, routed)           0.685     1.099    clk_IBUF
    BUFGCTRL_X0Y1        BUFG (Prop_bufg_I_O)         0.029     1.128 r  clk_IBUF_BUFG_inst/O
                         net (fo=68, routed)          0.825     1.952    clk_IBUF_BUFG
    SLICE_X13Y29         FDRE                                         r  counter_btn_reg[6]/C

Slack:                    inf
  Source:                 BTN
                            (input port)
  Destination:            counter_btn_reg[7]/R
                            (rising edge-triggered cell FDRE clocked by main_clk  {rise@0.000ns fall@5.000ns period=10.000ns})
  Path Group:             (none)
  Path Type:              Hold (Min at Fast Process Corner)
  Data Path Delay:        1.328ns  (logic 0.255ns (19.165%)  route 1.074ns (80.835%))
  Logic Levels:           2  (IBUF=1 LUT1=1)
  Clock Path Skew:        1.952ns (DCD - SCD - CPR)
    Destination Clock Delay (DCD):    1.952ns
    Source Clock Delay      (SCD):    0.000ns
    Clock Pessimism Removal (CPR):    -0.000ns

    Location             Delay type                Incr(ns)  Path(ns)    Netlist Resource(s)
  -------------------------------------------------------------------    -------------------
    U18                                               0.000     0.000 f  BTN (IN)
                         net (fo=0)                   0.000     0.000    BTN
    U18                  IBUF (Prop_ibuf_I_O)         0.210     0.210 f  BTN_IBUF_inst/O
                         net (fo=1, routed)           0.824     1.033    BTN_IBUF
    SLICE_X10Y28         LUT1 (Prop_lut1_I0_O)        0.045     1.078 r  counter_btn[0]_i_1/O
                         net (fo=24, routed)          0.250     1.328    clear
    SLICE_X13Y29         FDRE                                         r  counter_btn_reg[7]/R
  -------------------------------------------------------------------    -------------------

                         (clock main_clk rise edge)
                                                      0.000     0.000 r  
    W5                                                0.000     0.000 r  clk (IN)
                         net (fo=0)                   0.000     0.000    clk
    W5                   IBUF (Prop_ibuf_I_O)         0.414     0.414 r  clk_IBUF_inst/O
                         net (fo=1, routed)           0.685     1.099    clk_IBUF
    BUFGCTRL_X0Y1        BUFG (Prop_bufg_I_O)         0.029     1.128 r  clk_IBUF_BUFG_inst/O
                         net (fo=68, routed)          0.825     1.952    clk_IBUF_BUFG
    SLICE_X13Y29         FDRE                                         r  counter_btn_reg[7]/C

Slack:                    inf
  Source:                 BTN
                            (input port)
  Destination:            counter_btn_reg[10]/R
                            (rising edge-triggered cell FDRE clocked by main_clk  {rise@0.000ns fall@5.000ns period=10.000ns})
  Path Group:             (none)
  Path Type:              Hold (Min at Fast Process Corner)
  Data Path Delay:        1.391ns  (logic 0.255ns (18.293%)  route 1.137ns (81.707%))
  Logic Levels:           2  (IBUF=1 LUT1=1)
  Clock Path Skew:        1.953ns (DCD - SCD - CPR)
    Destination Clock Delay (DCD):    1.953ns
    Source Clock Delay      (SCD):    0.000ns
    Clock Pessimism Removal (CPR):    -0.000ns

    Location             Delay type                Incr(ns)  Path(ns)    Netlist Resource(s)
  -------------------------------------------------------------------    -------------------
    U18                                               0.000     0.000 f  BTN (IN)
                         net (fo=0)                   0.000     0.000    BTN
    U18                  IBUF (Prop_ibuf_I_O)         0.210     0.210 f  BTN_IBUF_inst/O
                         net (fo=1, routed)           0.824     1.033    BTN_IBUF
    SLICE_X10Y28         LUT1 (Prop_lut1_I0_O)        0.045     1.078 r  counter_btn[0]_i_1/O
                         net (fo=24, routed)          0.313     1.391    clear
    SLICE_X13Y30         FDRE                                         r  counter_btn_reg[10]/R
  -------------------------------------------------------------------    -------------------

                         (clock main_clk rise edge)
                                                      0.000     0.000 r  
    W5                                                0.000     0.000 r  clk (IN)
                         net (fo=0)                   0.000     0.000    clk
    W5                   IBUF (Prop_ibuf_I_O)         0.414     0.414 r  clk_IBUF_inst/O
                         net (fo=1, routed)           0.685     1.099    clk_IBUF
    BUFGCTRL_X0Y1        BUFG (Prop_bufg_I_O)         0.029     1.128 r  clk_IBUF_BUFG_inst/O
                         net (fo=68, routed)          0.826     1.953    clk_IBUF_BUFG
    SLICE_X13Y30         FDRE                                         r  counter_btn_reg[10]/C

Slack:                    inf
  Source:                 BTN
                            (input port)
  Destination:            counter_btn_reg[11]/R
                            (rising edge-triggered cell FDRE clocked by main_clk  {rise@0.000ns fall@5.000ns period=10.000ns})
  Path Group:             (none)
  Path Type:              Hold (Min at Fast Process Corner)
  Data Path Delay:        1.391ns  (logic 0.255ns (18.293%)  route 1.137ns (81.707%))
  Logic Levels:           2  (IBUF=1 LUT1=1)
  Clock Path Skew:        1.953ns (DCD - SCD - CPR)
    Destination Clock Delay (DCD):    1.953ns
    Source Clock Delay      (SCD):    0.000ns
    Clock Pessimism Removal (CPR):    -0.000ns

    Location             Delay type                Incr(ns)  Path(ns)    Netlist Resource(s)
  -------------------------------------------------------------------    -------------------
    U18                                               0.000     0.000 f  BTN (IN)
                         net (fo=0)                   0.000     0.000    BTN
    U18                  IBUF (Prop_ibuf_I_O)         0.210     0.210 f  BTN_IBUF_inst/O
                         net (fo=1, routed)           0.824     1.033    BTN_IBUF
    SLICE_X10Y28         LUT1 (Prop_lut1_I0_O)        0.045     1.078 r  counter_btn[0]_i_1/O
                         net (fo=24, routed)          0.313     1.391    clear
    SLICE_X13Y30         FDRE                                         r  counter_btn_reg[11]/R
  -------------------------------------------------------------------    -------------------

                         (clock main_clk rise edge)
                                                      0.000     0.000 r  
    W5                                                0.000     0.000 r  clk (IN)
                         net (fo=0)                   0.000     0.000    clk
    W5                   IBUF (Prop_ibuf_I_O)         0.414     0.414 r  clk_IBUF_inst/O
                         net (fo=1, routed)           0.685     1.099    clk_IBUF
    BUFGCTRL_X0Y1        BUFG (Prop_bufg_I_O)         0.029     1.128 r  clk_IBUF_BUFG_inst/O
                         net (fo=68, routed)          0.826     1.953    clk_IBUF_BUFG
    SLICE_X13Y30         FDRE                                         r  counter_btn_reg[11]/C





